test_id,problem_class,N,sqrt_N,search_space_bucket,search_space_target,b_e_identical,e_f_identical,candidate_tests_B,hypothesis_tests_E,hypothesis_tests_F,RCR,constraint_count_E,constraint_count_F,residual_constraint_count_F,fusion_fallback_count_F,constraint_eval_E,constraint_eval_F,candidate_skipped_E,candidate_skipped_F,fused_modulus_F,fused_residue_count_F,vm_instr_B,vm_instr_E,vm_instr_F,alloc_B,alloc_E,alloc_F,runtime_B,runtime_E,runtime_F,RTER_E_B,RTER_F_B,FRR,POR_E_B,POR_F_B,FER,CER_F
basic_12,mixed,12,3,<1e3,,True,True,3,3,3,1.0,0,0,0,0,0,0,0,0,0,0,33.0,40.0,40.0,152.0,70.0,70.0,13354.5,11542.0,11625.0,1.157035,1.148774,0.99286,0.825,0.825,,
basic_18,mixed,18,4,<1e3,,True,True,3,3,3,1.0,0,0,0,0,0,0,0,0,0,0,33.0,40.0,40.0,152.0,70.0,70.0,13167.0,11667.0,11271.0,1.128568,1.168219,1.035134,0.825,0.825,,
basic_21,mixed,21,4,<1e3,,True,True,1,1,1,1.0,0,0,0,0,0,0,0,0,0,0,23.0,30.0,30.0,123.0,73.0,73.0,12999.5,11458.5,11083.0,1.134485,1.172922,1.033881,0.766667,0.766667,,
basic_35,mixed,35,5,<1e3,,True,True,1,1,1,1.0,1,1,0,0,0,0,0,0,30,8,25.0,46.0,46.0,123.0,83.0,86.0,12750.0,15520.5,15999.5,0.821494,0.7969,0.970062,0.543478,0.543478,,0.0
basic_60,mixed,60,7,<1e3,,True,True,3,3,3,1.0,0,0,0,0,0,0,0,0,0,0,35.0,42.0,42.0,182.0,75.0,75.0,13437.5,11688.0,11854.0,1.149683,1.133584,0.985996,0.833333,0.833333,,
basic_84,mixed,84,9,<1e3,,True,True,3,3,3,1.0,0,0,0,0,0,0,0,0,0,0,35.0,42.0,42.0,182.0,75.0,75.0,13854.5,11625.0,11583.5,1.191785,1.196055,1.003583,0.833333,0.833333,,
basic_97,mixed,97,9,<1e3,,True,True,2,2,2,1.0,0,0,0,0,0,0,0,0,0,0,37.0,48.0,48.0,93.0,75.0,75.0,12791.0,12354.5,12416.5,1.035331,1.030161,0.995007,0.770833,0.770833,,0.0
basic_100,mixed,100,10,<1e3,,False,True,3,4,4,0.75,1,1,0,0,0,0,0,0,30,8,37.0,62.0,62.0,182.0,82.0,85.0,13979.5,17125.0,16292.0,0.816321,0.858059,1.051129,0.596774,0.596774,,0.0
basic_231,mixed,231,15,<1e3,,True,True,3,3,3,1.0,1,1,0,0,0,0,0,0,42,12,41.0,64.0,64.0,153.0,88.0,91.0,13979.5,16646.0,17208.5,0.839811,0.81236,0.967313,0.640625,0.640625,,0.0
basic_997,mixed,997,31,<1e3,,True,True,10,10,10,1.0,0,0,0,0,0,0,0,0,0,0,117.0,144.0,144.0,93.0,75.0,75.0,15833.5,16125.0,15813.0,0.981922,1.001296,1.019731,0.8125,0.8125,,0.0
prime_8b,prime,193,13,<1e3,,True,True,4,4,4,1.0,0,0,0,0,0,0,0,0,0,0,57.0,72.0,72.0,93.0,75.0,75.0,13542.0,13333.0,13271.0,1.015675,1.02042,1.004672,0.791667,0.791667,,0.0
semiprime_8b,semiprime,194,13,<1e3,,True,True,3,3,3,1.0,0,0,0,0,0,0,0,0,0,0,43.0,54.0,54.0,123.0,78.0,78.0,13791.5,12813.0,13083.5,1.076368,1.054114,0.979325,0.796296,0.796296,,0.0
semiprime_near_equal_8b,semiprime_near_equal,221,14,<1e3,,True,True,4,4,4,1.0,1,1,0,0,0,0,0,0,78,24,55.0,82.0,82.0,123.0,86.0,89.0,14187.5,17770.5,17874.5,0.798374,0.793728,0.994182,0.670732,0.670732,,0.0
repeated_8b,repeated_factor_composite,128,11,<1e3,,True,True,7,7,7,1.0,0,0,0,0,0,0,0,0,0,0,57.0,64.0,64.0,268.0,68.0,68.0,14645.5,12084.0,11937.5,1.211975,1.226848,1.012272,0.890625,0.890625,,
highly_composite_8b,highly_composite,210,14,<1e3,,True,True,3,3,3,1.0,1,1,0,0,0,0,0,0,30,8,37.0,58.0,58.0,183.0,87.0,90.0,14083.5,16374.5,16687.5,0.860087,0.843955,0.981243,0.637931,0.637931,,0.0
mixed_8b,mixed_factor_composite,154,12,<1e3,,True,True,3,3,3,1.0,1,1,0,0,0,0,0,0,42,12,41.0,64.0,64.0,153.0,88.0,91.0,13854.0,16625.5,17228.5,0.833298,0.804133,0.965,0.640625,0.640625,,0.0
prime_10b,prime,769,27,<1e3,,True,True,8,8,8,1.0,0,0,0,0,0,0,0,0,0,0,97.0,120.0,120.0,93.0,75.0,75.0,14916.5,15312.5,15437.0,0.974139,0.966282,0.991935,0.808333,0.808333,,0.0
semiprime_10b,semiprime,679,26,<1e3,,True,True,3,2,2,1.5,1,1,0,0,1,0,0,0,42,12,45.0,61.0,61.0,123.0,85.0,88.0,13812.5,16458.0,16729.5,0.839258,0.825637,0.983771,0.737705,0.737705,,0.0
semiprime_near_equal_10b,semiprime_near_equal,899,29,<1e3,,True,True,9,9,9,1.0,1,1,0,0,0,0,0,0,174,56,105.0,142.0,142.0,123.0,86.0,89.0,15770.5,19833.0,20458.0,0.795165,0.770872,0.96945,0.739437,0.739437,,0.0
repeated_10b,repeated_factor_composite,512,22,<1e3,,True,True,9,9,9,1.0,0,0,0,0,0,0,0,0,0,0,69.0,76.0,76.0,327.0,68.0,68.0,15500.0,12437.5,12396.0,1.246231,1.250403,1.003348,0.907895,0.907895,,
highly_composite_10b,highly_composite,2310,48,<1e3,,True,True,5,4,4,1.25,2,2,0,0,3,0,0,0,210,48,55.0,83.0,83.0,213.0,92.0,97.0,15125.0,18041.5,20042.0,0.838345,0.754665,0.900185,0.662651,0.662651,,0.0
mixed_10b,mixed_factor_composite,715,26,<1e3,,True,True,4,3,3,1.333333,2,2,0,0,4,0,0,0,330,80,53.0,83.0,83.0,152.0,91.0,96.0,14479.0,18104.0,19624.5,0.799768,0.737802,0.92252,0.638554,0.638554,,0.0
prime_12b,prime,3079,55,<1e3,,True,True,18,18,18,1.0,0,0,0,0,0,0,0,0,0,0,197.0,240.0,240.0,93.0,75.0,75.0,18166.5,19666.5,19687.5,0.923728,0.922743,0.998933,0.820833,0.820833,,0.0
semiprime_12b,semiprime,3007,54,<1e3,,True,True,10,10,10,1.0,1,1,0,0,1,0,0,0,186,60,115.0,157.0,157.0,123.0,85.0,88.0,16312.5,19958.5,21313.0,0.817321,0.765378,0.936447,0.732484,0.732484,,0.0
semiprime_near_equal_12b,semiprime_near_equal,3599,59,<1e3,,True,True,19,19,19,1.0,1,1,0,0,0,0,0,0,354,116,205.0,262.0,262.0,123.0,86.0,89.0,19062.0,23708.5,24979.5,0.804015,0.763106,0.949118,0.782443,0.782443,,0.0
repeated_12b,repeated_factor_composite,2048,45,<1e3,,True,True,11,11,11,1.0,0,0,0,0,0,0,0,0,0,0,81.0,88.0,88.0,385.0,68.0,68.0,16271.0,12645.5,12708.0,1.286703,1.280375,0.995082,0.920455,0.920455,,
highly_composite_12b,highly_composite,30030,173,<1e3,,True,True,7,5,5,1.4,3,3,0,0,6,0,0,0,2310,480,73.0,105.0,105.0,242.0,98.0,105.0,16146.0,19500.5,27270.5,0.827979,0.592068,0.715077,0.695238,0.695238,,0.0
mixed_12b,mixed_factor_composite,3553,59,<1e3,,True,True,6,5,5,1.2,2,2,0,0,4,0,0,0,1122,320,73.0,107.0,107.0,152.0,91.0,96.0,15333.5,18729.5,23500.0,0.818682,0.652489,0.797,0.682243,0.682243,,0.0
prime_14b,prime,12289,110,<1e3,,True,True,36,36,36,1.0,0,0,0,0,0,0,0,0,0,0,377.0,456.0,456.0,93.0,75.0,75.0,24521.5,27292.0,27208.5,0.898487,0.901244,1.003069,0.826754,0.826754,,0.0
semiprime_14b,semiprime,12319,110,<1e3,,True,True,32,32,32,1.0,1,1,0,0,1,0,0,0,582,192,335.0,421.0,421.0,123.0,85.0,88.0,23479.0,29896.0,32646.0,0.785356,0.7192,0.915763,0.795724,0.795724,,0.0
semiprime_near_equal_14b,semiprime_near_equal,14351,119,<1e3,,True,True,37,37,37,1.0,1,1,0,0,1,0,0,0,678,224,385.0,481.0,481.0,123.0,85.0,88.0,25125.0,32125.0,34896.0,0.782101,0.719997,0.920593,0.800416,0.800416,,0.0
repeated_14b,repeated_factor_composite,8192,90,<1e3,,True,True,13,13,13,1.0,0,0,0,0,0,0,0,0,0,0,93.0,100.0,100.0,443.0,68.0,68.0,16854.0,14729.0,13396.0,1.144273,1.258137,1.099507,0.93,0.93,,
highly_composite_14b,highly_composite,30030,173,<1e3,,True,True,7,5,5,1.4,3,3,0,0,6,0,0,0,2310,480,73.0,105.0,105.0,242.0,98.0,105.0,16313.0,19458.0,27354.0,0.83837,0.596366,0.71134,0.695238,0.695238,,0.0
mixed_14b,mixed_factor_composite,12673,112,<1e3,,True,True,8,7,7,1.142857,2,2,0,0,3,0,0,0,2622,792,93.0,131.0,131.0,152.0,91.0,96.0,16313.0,20125.5,30333.5,0.810564,0.537788,0.663474,0.709924,0.709924,,0.0
prime_16b,prime,49157,221,<1e3,,True,True,73,73,73,1.0,0,0,0,0,0,0,0,0,0,0,747.0,900.0,900.0,93.0,75.0,75.0,37104.0,43146.0,43062.5,0.859964,0.861631,1.001939,0.83,0.83,,0.0
semiprime_16b,semiprime,49373,222,<1e3,,True,True,32,32,32,1.0,1,1,0,0,1,0,0,0,582,192,335.0,421.0,421.0,123.0,85.0,88.0,23438.0,29459.0,32666.5,0.795614,0.717493,0.901811,0.795724,0.795724,,0.0
semiprime_near_equal_16b,semiprime_near_equal,50621,224,<1e3,,True,True,74,74,74,1.0,1,1,0,0,0,0,0,0,1338,444,755.0,922.0,922.0,123.0,86.0,89.0,37479.5,49895.5,55562.5,0.75116,0.674547,0.898007,0.818872,0.818872,,0.0
repeated_16b,repeated_factor_composite,32768,181,<1e3,,True,True,15,15,15,1.0,0,0,0,0,0,0,0,0,0,0,105.0,112.0,112.0,501.0,68.0,68.0,18187.5,13771.0,13708.0,1.32071,1.32678,1.004596,0.9375,0.9375,,
highly_composite_16b,highly_composite,510510,714,<1e3,,True,True,9,6,6,1.5,4,4,0,0,10,0,0,0,30030,5760,91.0,127.0,127.0,271.0,104.0,113.0,17666.5,21541.0,99125.5,0.820134,0.178224,0.21731,0.716535,0.716535,,0.0
mixed_16b,mixed_factor_composite,56129,236,<1e3,,True,True,13,13,13,1.0,1,1,0,0,1,0,0,0,222,72,143.0,187.0,187.0,152.0,85.0,88.0,17979.0,21188.0,23208.5,0.848546,0.774673,0.912941,0.764706,0.764706,,0.0
prime_18b,prime,196613,443,<1e3,,True,True,147,147,147,1.0,0,0,0,0,0,0,0,0,0,0,1487.0,1788.0,1788.0,93.0,75.0,75.0,61104.0,74250.5,74624.5,0.822944,0.81882,0.994988,0.831655,0.831655,,0.0
semiprime_18b,semiprime,196619,443,<1e3,,True,True,32,32,32,1.0,1,1,0,0,1,0,0,0,582,192,335.0,421.0,421.0,123.0,85.0,88.0,23792.0,29771.0,32417.0,0.799167,0.733936,0.918376,0.795724,0.795724,,0.0
semiprime_near_equal_18b,semiprime_near_equal,198907,445,<1e3,,True,True,147,147,147,1.0,1,1,0,0,1,0,0,0,2658,884,1485.0,1801.0,1801.0,123.0,85.0,88.0,61791.5,78104.0,87750.0,0.791144,0.704177,0.890074,0.824542,0.824542,,0.0
repeated_18b,repeated_factor_composite,131072,362,<1e3,,True,True,17,17,17,1.0,0,0,0,0,0,0,0,0,0,0,117.0,124.0,124.0,560.0,68.0,68.0,19520.5,13958.5,14042.0,1.398467,1.390151,0.994054,0.943548,0.943548,,
highly_composite_18b,highly_composite,510510,714,<1e3,,True,True,9,6,6,1.5,4,4,0,0,10,0,0,0,30030,5760,91.0,127.0,127.0,271.0,104.0,113.0,16895.5,20791.5,97853.5,0.812616,0.172661,0.212476,0.716535,0.716535,,0.0
mixed_18b,mixed_factor_composite,212341,460,<1e3,,True,True,20,20,20,1.0,1,1,0,0,1,0,0,0,354,116,213.0,271.0,271.0,152.0,85.0,88.0,19854.0,24250.5,26000.0,0.818705,0.763615,0.932712,0.785978,0.785978,,0.0
prime_20b,prime,786433,886,<1e3,,True,True,294,294,294,1.0,0,0,0,0,0,0,0,0,0,0,2957.0,3552.0,3552.0,93.0,75.0,75.0,108687.5,134000.0,134208.5,0.811101,0.809841,0.998446,0.832489,0.832489,,0.0
semiprime_20b,semiprime,786767,886,<1e3,,True,True,32,32,32,1.0,1,1,0,0,1,0,0,0,582,192,335.0,421.0,421.0,123.0,85.0,88.0,23520.5,29854.5,32187.5,0.787838,0.730734,0.927518,0.795724,0.795724,,0.0
semiprime_near_equal_20b,semiprime_near_equal,804509,896,<1e3,,True,True,295,295,295,1.0,1,1,0,0,1,0,0,0,5322,1772,2965.0,3577.0,3577.0,123.0,85.0,88.0,109687.5,137312.5,156521.0,0.798817,0.700785,0.877278,0.828907,0.828907,,0.0
repeated_20b,repeated_factor_composite,524288,724,<1e3,,True,True,19,19,19,1.0,0,0,0,0,0,0,0,0,0,0,129.0,136.0,136.0,618.0,68.0,68.0,20021.0,14312.5,14291.5,1.398847,1.400903,1.001469,0.948529,0.948529,,
highly_composite_20b,highly_composite,9699690,3114,1e3-1e4,,True,True,11,7,7,1.571429,5,4,1,1,15,1,0,0,30030,5760,109.0,149.0,149.0,300.0,110.0,121.0,17854.0,21708.0,123375.0,0.822462,0.144713,0.175951,0.731544,0.731544,15.0,0.166667
mixed_20b,mixed_factor_composite,813151,901,<1e3,,True,True,33,32,32,1.03125,2,1,1,1,7,1,0,0,498,164,343.0,431.0,431.0,152.0,91.0,98.0,31333.5,31209.0,34500.0,1.003989,0.908217,0.904609,0.795824,0.795824,7.0,0.030303
prime_22b,prime,3145739,1773,1e3-1e4,,True,True,590,590,590,1.0,0,0,0,0,0,0,0,0,0,0,5917.0,7104.0,7104.0,93.0,75.0,75.0,206083.5,251063.0,253458.0,0.820844,0.813087,0.990551,0.832911,0.832911,,0.0
semiprime_22b,semiprime,3146777,1773,1e3-1e4,,True,True,60,59,59,1.016949,1,1,0,0,28,0,0,0,582,192,615.0,745.0,745.0,123.0,85.0,88.0,33083.0,42396.0,44354.0,0.780333,0.745885,0.955855,0.825503,0.825503,,0.0
semiprime_near_equal_22b,semiprime_near_equal,3168391,1779,1e3-1e4,,True,True,592,592,592,1.0,1,1,0,0,0,0,0,0,10662,3552,5935.0,7138.0,7138.0,123.0,87.0,90.0,209021.0,255458.5,295312.5,0.818219,0.707796,0.865045,0.831465,0.831465,,0.0
repeated_22b,repeated_factor_composite,2097152,1448,1e3-1e4,,True,True,21,21,21,1.0,0,0,0,0,0,0,0,0,0,0,141.0,148.0,148.0,676.0,68.0,68.0,20333.5,14666.5,14687.5,1.386391,1.384409,0.99857,0.952703,0.952703,,
highly_composite_22b,highly_composite,9699690,3114,1e3-1e4,,True,True,11,7,7,1.571429,5,4,1,1,15,1,0,0,30030,5760,109.0,149.0,149.0,300.0,110.0,121.0,17770.5,21812.0,99646.0,0.814712,0.178336,0.218895,0.731544,0.731544,15.0,0.166667
mixed_22b,mixed_factor_composite,3127361,1768,1e3-1e4,,True,True,50,49,49,1.020408,2,1,1,1,5,1,0,0,834,276,513.0,635.0,635.0,152.0,91.0,98.0,29750.0,38500.0,43125.0,0.772727,0.689855,0.892754,0.807874,0.807874,5.0,0.02
prime_24b,prime,12582917,3547,1e3-1e4,,True,True,1182,1182,1182,1.0,0,0,0,0,0,0,0,0,0,0,11837.0,14208.0,14208.0,93.0,75.0,75.0,397396.0,486354.0,485291.5,0.817092,0.818881,1.002189,0.833122,0.833122,,0.0
semiprime_24b,semiprime,12584101,3547,1e3-1e4,,True,True,120,119,119,1.008403,1,1,0,0,88,0,0,0,582,192,1215.0,1465.0,1465.0,123.0,85.0,88.0,53000.0,66250.0,70792.0,0.8,0.748672,0.93584,0.829352,0.829352,,0.0
semiprime_near_equal_24b,semiprime_near_equal,12616679,3551,1e3-1e4,,True,True,1182,1182,1182,1.0,1,1,0,0,1,0,0,0,21282,7092,11835.0,14221.0,14221.0,123.0,86.0,89.0,397750.0,493499.5,577562.5,0.805979,0.68867,0.854452,0.83222,0.83222,,0.0
repeated_24b,repeated_factor_composite,8388608,2896,1e3-1e4,,True,True,23,23,23,1.0,0,0,0,0,0,0,0,0,0,0,153.0,160.0,160.0,734.0,68.0,68.0,22104.5,15166.5,14937.5,1.457456,1.479799,1.015331,0.95625,0.95625,,
highly_composite_24b,highly_composite,223092870,14936,1e4-1e5,,True,True,13,8,8,1.625,6,4,2,2,21,3,0,0,30030,5760,127.0,171.0,171.0,330.0,116.0,128.0,18437.0,22833.5,102000.0,0.807454,0.180755,0.223858,0.74269,0.74269,7.0,0.428571
mixed_24b,mixed_factor_composite,12640949,3555,1e3-1e4,,True,True,78,77,77,1.012987,2,1,1,1,4,1,0,0,1362,452,793.0,971.0,971.0,152.0,91.0,98.0,39104.0,50062.5,57000.5,0.781104,0.686029,0.878282,0.816684,0.816684,4.0,0.012821
prime_26b,prime,50331653,7094,1e3-1e4,,True,True,2364,2364,2364,1.0,0,0,0,0,0,0,0,0,0,0,23657.0,28392.0,28392.0,93.0,75.0,75.0,779749.5,960688.0,961041.5,0.811657,0.811359,0.999632,0.833228,0.833228,,0.0
semiprime_26b,semiprime,50332621,7094,1e3-1e4,,True,True,240,237,237,1.012658,1,1,0,0,208,0,2,0,582,192,2415.0,2881.0,2881.0,123.0,85.0,88.0,90583.0,116021.0,120646.0,0.780747,0.750816,0.961665,0.838251,0.838251,,0.0
semiprime_near_equal_26b,semiprime_near_equal,50495227,7105,1e3-1e4,,True,True,2367,2367,2367,1.0,1,0,1,1,1,1,0,0,6,2,23685.0,28441.0,28441.0,123.0,86.0,87.0,776646.0,966520.5,983833.0,0.803548,0.789408,0.982403,0.832777,0.832777,1.0,0.000422
repeated_26b,repeated_factor_composite,33554432,5792,1e3-1e4,,True,True,25,25,25,1.0,0,0,0,0,0,0,0,0,0,0,165.0,172.0,172.0,792.0,68.0,68.0,22396.0,15250.0,15271.0,1.46859,1.466571,0.998625,0.959302,0.959302,,
highly_composite_26b,highly_composite,223092870,14936,1e4-1e5,,True,True,13,8,8,1.625,6,4,2,2,21,3,0,0,30030,5760,127.0,171.0,171.0,330.0,116.0,128.0,18604.0,22562.0,102459.0,0.824572,0.181575,0.220205,0.74269,0.74269,7.0,0.428571
mixed_26b,mixed_factor_composite,50750753,7123,1e3-1e4,,True,True,125,124,124,1.008065,2,1,1,1,7,1,0,0,2154,716,1263.0,1535.0,1535.0,152.0,91.0,98.0,54646.0,69479.0,78437.0,0.786511,0.696687,0.885794,0.822801,0.822801,7.0,0.008
stage5_boundary,semiprime_near_equal,100160063,10007,1e4-1e5,,True,True,3335,3335,3335,1.0,1,0,1,1,0,0,0,0,6,2,33365.0,40054.0,40054.0,123.0,87.0,88.0,1095666.0,1378250.0,1363250.0,0.794969,0.803716,1.011003,0.833,0.833,,0.0
limit_probe_sqrt15000,semiprime_near_equal,225450221,15014,1e4-1e5,,True,True,5004,5004,5004,1.0,1,0,1,1,0,0,0,0,6,2,50055.0,60082.0,60082.0,123.0,87.0,88.0,1648729.0,2030021.5,2031354.5,0.812173,0.81164,0.999344,0.833111,0.833111,,0.0
limit_probe_sqrt20000,semiprime_near_equal,400640231,20015,1e4-1e5,,True,True,6670,6670,6670,1.0,1,0,1,1,1,1,0,0,6,2,66715.0,80077.0,80077.0,123.0,86.0,87.0,2190500.0,2714604.5,2750603.5,0.806932,0.796371,0.986912,0.833136,0.833136,1.0,0.00015
limit_probe_sqrt25000,semiprime_near_equal,626100403,25021,1e4-1e5,,True,True,8337,8337,8337,1.0,1,0,1,1,1,1,0,0,6,2,83385.0,100081.0,100081.0,123.0,86.0,87.0,2807020.5,3438541.5,3395395.5,0.81634,0.826714,1.012707,0.833175,0.833175,1.0,0.00012
limit_probe_sqrt30000,semiprime_near_equal,900720143,30011,1e4-1e5,,True,True,10003,10003,10003,1.0,1,0,1,1,0,0,0,0,6,2,100045.0,120070.0,120070.0,123.0,87.0,88.0,3280833.5,4115750.0,4128583.0,0.797141,0.794663,0.996892,0.833222,0.833222,,0.0
limit_probe_sqrt40000,semiprime_near_equal,1600880117,40010,1e4-1e5,,True,True,13336,13336,13336,1.0,1,0,1,1,0,0,0,0,6,2,133375.0,160066.0,160066.0,123.0,87.0,88.0,4472020.5,5627041.5,5523042.0,0.794737,0.809702,1.01883,0.83325,0.83325,,0.0
limit_probe_sqrt50000,semiprime_near_equal,2502200483,50021,1e4-1e5,,True,True,16673,16673,16673,1.0,1,0,1,1,0,0,0,0,6,2,166745.0,200110.0,200110.0,123.0,87.0,88.0,5632708.0,6925021.0,6933438.0,0.813385,0.812398,0.998786,0.833267,0.833267,,0.0
limit_probe_sqrt70000,semiprime_near_equal,4900280003,70001,1e4-1e5,,True,True,23333,23333,23333,1.0,1,0,1,1,0,0,0,0,6,2,233345.0,280030.0,280030.0,123.0,87.0,88.0,7878583.0,9693562.5,9731062.5,0.812764,0.809632,0.996146,0.833286,0.833286,,0.0
limit_probe_sqrt100000,semiprime_near_equal,10002200057,100010,1e5-1e6,,True,True,33334,33334,33334,1.0,1,0,1,1,1,1,0,0,6,2,333355.0,400045.0,400045.0,123.0,86.0,87.0,11389292.0,15174333.5,14071041.5,0.750563,0.809414,1.078409,0.833294,0.833294,1.0,3e-05
synthetic_sqrt1000_k0,synthetic_k0,1000003,1000,1e3-1e4,1000,True,True,332,332,332,1.0,0,0,0,0,0,0,0,0,0,0,3337.0,4008.0,4008.0,93.0,75.0,75.0,119958.5,146646.0,147062.5,0.818014,0.815697,0.997168,0.832585,0.832585,,0.0
synthetic_sqrt1000_k1,synthetic_k1,1000015,1000,1e3-1e4,1000,True,True,149,119,119,1.252101,1,1,0,0,148,0,29,0,30,8,1505.0,1465.0,1465.0,123.0,85.0,88.0,62104.5,67562.5,67312.5,0.919216,0.92263,1.003714,1.027304,1.027304,,0.0
synthetic_sqrt1000_k2,synthetic_k2,999985,999,<1e3,1000,True,True,58,40,40,1.45,2,2,0,0,101,0,16,0,210,48,593.0,527.0,527.0,152.0,91.0,96.0,32437.5,34937.0,36167.0,0.928457,0.896881,0.965991,1.125237,1.125237,,0.0
synthetic_sqrt1000_k3,synthetic_k3,1004465,1002,1e3-1e4,1000,True,True,19,13,13,1.461538,3,3,0,0,40,0,3,0,2310,480,201.0,213.0,213.0,181.0,97.0,104.0,20062.5,23312.5,31333.0,0.86059,0.640299,0.744024,0.943662,0.943662,,0.0
synthetic_sqrt1000_k4,synthetic_k4,995995,997,<1e3,1000,True,True,8,4,4,2.0,4,4,0,0,10,0,0,0,30030,5760,89.0,115.0,115.0,211.0,100.0,109.0,16396.0,19709.0,96354.0,0.831904,0.170164,0.204548,0.773913,0.773913,,0.0
synthetic_sqrt1000_k5,synthetic_k5,935935,967,<1e3,1000,True,True,8,5,5,1.6,4,4,0,0,10,0,0,0,30030,5760,87.0,121.0,121.0,240.0,100.0,109.0,16521.0,20291.5,97188.0,0.814183,0.16999,0.208786,0.719008,0.719008,,0.0
synthetic_sqrt10000_k0,synthetic_k0,100000007,10000,1e4-1e5,10000,True,True,3332,3332,3332,1.0,0,0,0,0,0,0,0,0,0,0,33337.0,40008.0,40008.0,93.0,75.0,75.0,1104853.5,1350937.5,1365103.5,0.817842,0.809355,0.989623,0.833258,0.833258,,0.0
synthetic_sqrt10000_k1,synthetic_k1,100000015,10000,1e4-1e5,10000,True,True,1491,1193,1193,1.24979,1,1,0,0,1491,0,298,0,30,8,14925.0,14353.0,14353.0,123.0,85.0,88.0,493729.0,500937.5,502812.5,0.98561,0.981935,0.996271,1.039852,1.039852,,0.0
synthetic_sqrt10000_k2,synthetic_k2,100000565,10000,1e4-1e5,10000,True,True,564,386,386,1.46114,2,2,0,0,1011,0,176,0,210,48,5653.0,4679.0,4679.0,152.0,91.0,96.0,197104.0,182833.5,186625.0,1.078052,1.05615,0.979684,1.208164,1.208164,,0.0
synthetic_sqrt10000_k3,synthetic_k3,100004135,10000,1e4-1e5,10000,True,True,172,108,108,1.592593,3,3,0,0,426,0,64,0,2310,480,1731.0,1353.0,1353.0,181.0,97.0,104.0,69687.5,64750.0,72354.0,1.076255,0.963146,0.894906,1.279379,1.279379,,0.0
synthetic_sqrt10000_k4,synthetic_k4,100054955,10002,1e4-1e5,10000,True,True,50,32,32,1.5625,4,4,0,0,147,0,16,0,30030,5760,509.0,451.0,451.0,211.0,103.0,112.0,30104.0,33021.5,109646.0,0.911648,0.274556,0.301165,1.128603,1.128603,,0.0
synthetic_sqrt10000_k5,synthetic_k5,100485385,10024,1e4-1e5,10000,True,True,15,9,9,1.666667,5,4,1,1,37,5,2,0,30030,5760,157.0,185.0,185.0,240.0,109.0,122.0,18813.0,23146.0,101167.0,0.812797,0.18596,0.22879,0.848649,0.848649,7.4,0.5
synthetic_sqrt10000_k6,synthetic_k6,98613515,9930,1e3-1e4,10000,True,True,11,6,6,1.833333,6,4,2,2,21,3,0,0,30030,5760,115.0,159.0,159.0,269.0,112.0,124.0,17646.0,23333.5,101437.5,0.756252,0.173959,0.230028,0.72327,0.72327,7.0,0.428571
synthetic_sqrt100000_k0,synthetic_k0,10000000019,100000,1e5-1e6,100000,True,True,33332,33332,33332,1.0,0,0,0,0,0,0,0,0,0,0,333337.0,400008.0,400008.0,93.0,75.0,75.0,11415625.0,13989562.5,14027812.5,0.81601,0.813785,0.997273,0.833326,0.833326,,0.0
synthetic_sqrt100000_k1,synthetic_k1,10000000055,100000,1e5-1e6,100000,True,True,14907,11926,11926,1.249958,1,1,0,0,14906,0,2980,0,30,8,149085.0,143149.0,143149.0,123.0,85.0,88.0,5016438.0,5008000.0,5063291.5,1.001685,0.990746,0.98908,1.041467,1.041467,,0.0
synthetic_sqrt100000_k2,synthetic_k2,10000000045,100000,1e5-1e6,100000,True,True,5636,3865,3865,1.458215,2,2,0,0,10141,0,1769,0,210,48,56373.0,46427.0,46427.0,152.0,91.0,96.0,1864166.5,1704375.0,1653437.5,1.093754,1.127449,1.030807,1.214229,1.214229,,0.0
synthetic_sqrt100000_k3,synthetic_k3,10000001935,100000,1e5-1e6,100000,True,True,1701,1060,1060,1.604717,3,3,0,0,4220,0,638,0,2310,480,17021.0,12777.0,12777.0,181.0,97.0,104.0,564708.0,478479.0,488250.0,1.180215,1.156596,0.979988,1.332159,1.332159,,0.0
synthetic_sqrt100000_k4,synthetic_k4,10000085095,100000,1e5-1e6,100000,True,True,474,273,273,1.736264,4,4,0,0,1468,0,200,0,30030,5760,4749.0,3343.0,3343.0,211.0,103.0,112.0,167062.5,137333.5,215729.0,1.216473,0.774409,0.636602,1.42058,1.42058,,0.0
synthetic_sqrt100000_k5,synthetic_k5,9999954965,99999,1e4-1e5,100000,True,True,118,66,66,1.787879,5,4,1,1,415,64,48,2,30030,5760,1187.0,869.0,869.0,240.0,109.0,122.0,52875.0,48625.0,126583.5,1.087404,0.417708,0.384134,1.365938,1.365938,6.484375,0.955224
synthetic_sqrt100000_k6,synthetic_k6,10018163155,100090,1e5-1e6,100000,True,True,31,19,19,1.631579,6,4,2,2,107,29,6,0,30030,5760,315.0,315.0,315.0,269.0,115.0,129.0,24395.5,28104.0,106812.5,0.868044,0.228396,0.263115,1.0,1.0,3.689655,1.45
synthetic_sqrt100000_k8,synthetic_k8,11861104255,108908,1e5-1e6,100000,True,True,14,8,8,1.75,7,4,3,3,29,6,1,0,30030,5760,141.0,187.0,187.0,328.0,118.0,131.0,18999.5,23666.5,102604.0,0.802801,0.185173,0.230659,0.754011,0.754011,4.833333,0.75
synthetic_sqrt1000000_k0,synthetic_k0,1000000000039,1000000,>=1e6,1000000,True,True,333332,333332,333332,1.0,0,0,0,0,0,0,0,0,0,0,3333337.0,4000008.0,4000008.0,93.0,75.0,75.0,114494500.0,141131000.0,141085312.5,0.811264,0.811527,1.000324,0.833333,0.833333,,0.0
synthetic_sqrt1000000_k1,synthetic_k1,1000000000205,1000000,>=1e6,1000000,True,True,149071,119257,119257,1.249998,1,1,0,0,149071,0,29814,0,30,8,1490725.0,1431121.0,1431121.0,123.0,85.0,88.0,51051978.5,51312124.5,50978895.5,0.99493,1.001434,1.006537,1.041648,1.041648,,0.0
synthetic_sqrt1000000_k2,synthetic_k2,1000000001105,1000000,>=1e6,1000000,True,True,56344,38636,38636,1.458329,2,2,0,0,101415,0,17706,0,210,48,563453.0,463679.0,463679.0,152.0,91.0,96.0,19302791.5,16768854.5,17201687.0,1.15111,1.122145,0.974838,1.215179,1.215179,,0.0
synthetic_sqrt1000000_k3,synthetic_k3,999999999845,999999,1e5-1e6,1000000,True,True,16990,10592,10592,1.604041,3,3,0,0,42226,0,6396,0,2310,480,169911.0,127161.0,127161.0,181.0,97.0,104.0,5754854.0,4610875.0,4698208.5,1.248105,1.224904,0.981411,1.336188,1.336188,,0.0
synthetic_sqrt1000000_k4,synthetic_k4,999999995995,999999,1e5-1e6,1000000,True,True,4715,2713,2713,1.737928,4,4,0,0,14645,0,1998,0,30030,5760,47159.0,32623.0,32623.0,211.0,103.0,112.0,1586979.5,1159958.5,1281187.0,1.368135,1.238679,0.905378,1.445575,1.445575,,0.0
synthetic_sqrt1000000_k5,synthetic_k5,1000000346345,1000000,>=1e6,1000000,True,True,1147,621,621,1.847021,5,4,1,1,4207,657,521,40,30030,5760,11477.0,7529.0,7529.0,240.0,109.0,122.0,384417.0,292458.5,377500.0,1.314433,1.018323,0.774725,1.524372,1.524372,6.403349,1.05627
synthetic_sqrt1000000_k6,synthetic_k6,1000000856855,1000000,>=1e6,1000000,True,True,267,138,138,1.934783,6,4,2,2,1095,287,123,14,30030,5760,2675.0,1743.0,1743.0,269.0,115.0,129.0,101312.5,80645.5,160479.0,1.25627,0.631313,0.50253,1.53471,1.53471,3.815331,2.064748
synthetic_sqrt1000000_k8,synthetic_k8,1001724168445,1000861,>=1e6,1000000,True,True,17,8,8,2.125,8,4,4,4,37,10,1,0,30030,5760,171.0,203.0,203.0,328.0,124.0,138.0,20187.5,24937.5,103875.0,0.809524,0.194344,0.240072,0.842365,0.842365,3.7,1.111111
synthetic_sqrt10000000_k0,synthetic_k0,100000000000031,10000000,>=1e6,10000000,True,True,3333332,3333332,3333332,1.0,0,0,0,0,0,0,0,0,0,0,33333337.0,40000008.0,40000008.0,93.0,75.0,75.0,1151490313.0,1426256166.5,1432260291.5,0.807352,0.803967,0.995808,0.833333,0.833333,,0.0
synthetic_sqrt10000000_k1,synthetic_k1,100000000000105,10000000,>=1e6,10000000,True,True,1490712,1192569,1192569,1.250001,1,1,0,0,1490711,0,298142,0,30,8,14907135.0,14310865.0,14310865.0,123.0,85.0,88.0,519006958.0,519162000.0,517109729.0,0.999701,1.003669,1.003969,1.041666,1.041666,,0.0
synthetic_sqrt10000000_k2,synthetic_k2,100000000001405,10000000,>=1e6,10000000,True,True,563437,386357,386357,1.458333,2,2,0,0,1014183,0,177078,0,210,48,5634383.0,4636331.0,4636331.0,152.0,91.0,96.0,197205875.0,172045875.0,169954146.0,1.14624,1.160348,1.012308,1.215268,1.215268,,0.0
synthetic_sqrt10000000_k3,synthetic_k3,100000000002595,10000000,>=1e6,10000000,True,True,169885,105903,105903,1.604157,3,3,0,0,422277,0,63979,0,2310,480,1698861.0,1270893.0,1270893.0,181.0,97.0,104.0,59374895.5,47281895.5,47339729.0,1.255764,1.25423,0.998778,1.336746,1.336746,,0.0
synthetic_sqrt10000000_k4,synthetic_k4,100000000054955,10000000,>=1e6,10000000,True,True,47120,27115,27115,1.737784,4,4,0,0,146488,0,20001,0,30030,5760,471209.0,325447.0,325447.0,211.0,103.0,112.0,16436604.5,12571979.5,12332333.5,1.3074,1.332806,1.019432,1.447882,1.447882,,0.0
synthetic_sqrt10000000_k5,synthetic_k5,100000003748645,10000000,>=1e6,10000000,True,True,11431,6194,6194,1.845496,5,4,1,1,42100,6575,5232,385,30030,5760,114317.0,74405.0,74405.0,240.0,109.0,122.0,3944562.5,2893625.0,2933458.5,1.363191,1.34468,0.986421,1.536416,1.536416,6.403042,1.06134
synthetic_sqrt10000000_k6,synthetic_k6,100000022637515,10000001,>=1e6,10000000,True,True,2626,1349,1349,1.946627,6,4,2,2,11070,2925,1272,162,30030,5760,26265.0,16275.0,16275.0,269.0,115.0,129.0,887542.0,644520.5,700687.5,1.377058,1.266673,0.91984,1.613825,1.613825,3.784615,2.166667
synthetic_sqrt10000000_k8,synthetic_k8,100013909360365,10000695,>=1e6,10000000,True,True,108,60,60,1.8,8,4,4,4,530,219,41,1,30030,5760,1081.0,827.0,827.0,328.0,127.0,143.0,49875.0,48583.5,126812.0,1.026583,0.393299,0.383114,1.307134,1.307134,2.420091,3.590164
synthetic_sqrt10000000_k10,synthetic_k10,102653544198205,10131808,>=1e6,10000000,True,True,21,10,10,2.1,10,4,6,6,57,21,2,0,30030,5760,207.0,247.0,247.0,386.0,136.0,152.0,21666.5,27916.5,106333.0,0.776118,0.203761,0.262538,0.838057,0.838057,2.714286,1.909091
