test_id,problem_class,N,sqrt_N,search_space_bucket,search_space_target,results_identical,b_comparable,RCR,runtime_B,runtime_E,runtime_F,runtime_G,RTER_E_B,RTER_F_B,RTER_G_B,FRR_F_E,GRR,GRF,constraint_eval_E,constraint_eval_F,constraint_eval_G,fusion_candidate_G,fusion_selected_G,fusion_rejected_cost_G,fused_constraint_F,fused_constraint_G,best_E_F_runtime,oracle_efficiency
basic_12,mixed,12,3,<1e3,,True,True,1.0,13458.0,12250.0,12104.0,12145.5,1.098612,1.111864,1.108065,1.012062,1.008604,0.996583,0,0,0,0,0,0,0,0,12104.0,0.996583
basic_18,mixed,18,4,<1e3,,True,True,1.0,13375.0,12666.5,12021.0,12083.5,1.055935,1.112636,1.106881,1.053698,1.048248,0.994828,0,0,0,0,0,0,0,0,12021.0,0.994828
basic_21,mixed,21,4,<1e3,,True,True,1.0,12646.0,11520.5,12041.5,11604.5,1.097695,1.050201,1.08975,0.956733,0.992761,1.037658,0,0,0,0,0,0,0,0,11520.5,0.992761
basic_35,mixed,35,5,<1e3,,True,True,1.0,12833.5,15708.0,16917.0,15812.0,0.817004,0.758616,0.81163,0.928533,0.993423,1.069884,0,0,0,1,0,1,1,0,15708.0,0.993423
basic_60,mixed,60,7,<1e3,,True,True,1.0,13437.5,12625.0,12458.0,11999.5,1.064356,1.078624,1.119838,1.013405,1.052127,1.03821,0,0,0,0,0,0,0,0,12458.0,1.03821
basic_84,mixed,84,9,<1e3,,True,True,1.0,13875.0,12479.5,12146.0,12208.5,1.111823,1.142351,1.136503,1.027458,1.022198,0.994881,0,0,0,0,0,0,0,0,12146.0,0.994881
basic_97,mixed,97,9,<1e3,,True,True,1.0,12895.5,13062.5,12708.0,12604.5,0.987215,1.014754,1.023087,1.027896,1.036336,1.008211,0,0,0,0,0,0,0,0,12708.0,1.008211
basic_100,mixed,100,10,<1e3,,True,False,0.75,13896.0,16125.0,17958.0,16521.0,0.861767,0.773806,0.841111,0.897928,0.976031,1.08698,0,0,0,1,0,1,1,0,16125.0,0.976031
basic_231,mixed,231,15,<1e3,,True,True,1.0,14042.0,16937.5,18291.5,16812.0,0.829048,0.767679,0.835237,0.925977,1.007465,1.088003,0,0,0,1,0,1,1,0,16937.5,1.007465
basic_997,mixed,997,31,<1e3,,True,True,1.0,15625.0,16354.0,16958.5,16292.0,0.955424,0.921367,0.95906,0.964354,1.003806,1.04091,0,0,0,0,0,0,0,0,16354.0,1.003806
prime_8b,prime,193,13,<1e3,,True,True,1.0,13604.0,13708.0,13771.0,13979.0,0.992413,0.987873,0.973174,0.995425,0.980614,0.985121,0,0,0,0,0,0,0,0,13708.0,0.980614
semiprime_8b,semiprime,194,13,<1e3,,True,True,1.0,13729.0,13916.5,13562.5,13354.0,0.986527,1.012276,1.028081,1.026101,1.042122,1.015613,0,0,0,0,0,0,0,0,13562.5,1.015613
semiprime_near_equal_8b,semiprime_near_equal,221,14,<1e3,,True,True,1.0,14042.0,17000.0,19271.0,17333.5,0.826,0.72866,0.810108,0.882155,0.98076,1.111778,0,0,0,1,0,1,1,0,17000.0,0.98076
repeated_8b,repeated_factor_composite,128,11,<1e3,,True,True,1.0,14812.5,12437.5,14687.5,12583.5,1.190955,1.008511,1.177137,0.846809,0.988398,1.167203,0,0,0,0,0,0,0,0,12437.5,0.988398
highly_composite_8b,highly_composite,210,14,<1e3,,True,True,1.0,13750.5,16708.0,17729.0,16583.0,0.822989,0.775594,0.829193,0.942411,1.007538,1.069107,0,0,0,1,0,1,1,0,16708.0,1.007538
mixed_8b,mixed_factor_composite,154,12,<1e3,,True,True,1.0,14166.5,18124.5,18458.5,16583.5,0.781622,0.767478,0.854253,0.981905,1.092924,1.113064,0,0,0,1,0,1,1,0,18124.5,1.092924
prime_10b,prime,769,27,<1e3,,True,True,1.0,15020.5,15937.5,16229.5,15521.0,0.942463,0.925506,0.967753,0.982008,1.026835,1.045648,0,0,0,0,0,0,0,0,15937.5,1.026835
semiprime_10b,semiprime,679,26,<1e3,,True,True,1.5,13854.0,16166.5,17791.5,16396.0,0.856957,0.778686,0.844962,0.908664,0.986003,1.085112,1,0,1,1,0,1,1,0,16166.5,0.986003
semiprime_near_equal_10b,semiprime_near_equal,899,29,<1e3,,True,True,1.0,15833.5,19583.5,21416.5,19541.5,0.808512,0.739313,0.81025,0.914412,1.002149,1.09595,0,0,0,1,0,1,1,0,19583.5,1.002149
repeated_10b,repeated_factor_composite,512,22,<1e3,,True,True,1.0,15396.0,12937.5,13000.0,12791.5,1.190029,1.184308,1.203612,0.995192,1.011414,1.0163,0,0,0,0,0,0,0,0,12937.5,1.011414
highly_composite_10b,highly_composite,2310,48,<1e3,,True,True,1.25,15000.0,18083.5,20291.0,18062.5,0.829485,0.739244,0.83045,0.891208,1.001163,1.123377,3,0,3,2,0,2,2,0,18083.5,1.001163
mixed_10b,mixed_factor_composite,715,26,<1e3,,True,True,1.333333,14375.0,18041.5,20208.5,18687.0,0.796774,0.711334,0.769251,0.892768,0.965457,1.08142,4,0,4,2,0,2,2,0,18041.5,0.965457
prime_12b,prime,3079,55,<1e3,,True,True,1.0,18500.5,20208.5,20104.0,20021.0,0.915481,0.92024,0.924055,1.005198,1.009365,1.004146,0,0,0,0,0,0,0,0,20104.0,1.004146
semiprime_12b,semiprime,3007,54,<1e3,,True,True,1.0,16333.0,19396.0,21708.5,19917.0,0.842081,0.752378,0.820053,0.893475,0.973841,1.089948,1,0,1,1,0,1,1,0,19396.0,0.973841
semiprime_near_equal_12b,semiprime_near_equal,3599,59,<1e3,,True,True,1.0,19083.5,23729.5,26396.0,24729.0,0.80421,0.722969,0.771705,0.898981,0.959582,1.067411,0,0,0,1,0,1,1,0,23729.5,0.959582
repeated_12b,repeated_factor_composite,2048,45,<1e3,,True,True,1.0,16250.0,13541.5,13520.5,13083.0,1.200015,1.201879,1.24207,1.001553,1.035045,1.03344,0,0,0,0,0,0,0,0,13520.5,1.03344
highly_composite_12b,highly_composite,30030,173,<1e3,,True,True,1.4,15791.5,19374.5,27270.5,20896.0,0.815066,0.579069,0.755719,0.710456,0.927187,1.305058,6,0,3,3,1,2,3,1,19374.5,0.927187
mixed_12b,mixed_factor_composite,3553,59,<1e3,,True,True,1.2,14979.5,19145.5,24083.5,19812.5,0.782403,0.621982,0.756063,0.794963,0.966334,1.215571,4,0,4,2,0,2,2,0,19145.5,0.966334
prime_14b,prime,12289,110,<1e3,,True,True,1.0,24458.0,28062.5,28000.0,27854.0,0.871555,0.8735,0.878079,1.002232,1.007485,1.005242,0,0,0,0,0,0,0,0,28000.0,1.005242
semiprime_14b,semiprime,12319,110,<1e3,,True,True,1.0,23417.0,29875.0,33771.0,28791.5,0.783833,0.693406,0.81333,0.884635,1.037633,1.17295,1,0,1,1,0,1,1,0,29875.0,1.037633
semiprime_near_equal_14b,semiprime_near_equal,14351,119,<1e3,,True,True,1.0,25395.5,31854.5,36729.0,31416.5,0.797234,0.691429,0.808349,0.867285,1.013942,1.169099,1,0,1,1,0,1,1,0,31854.5,1.013942
repeated_14b,repeated_factor_composite,8192,90,<1e3,,True,True,1.0,16833.5,13625.0,13375.0,13729.5,1.235486,1.258579,1.226083,1.018692,0.992389,0.97418,0,0,0,0,0,0,0,0,13375.0,0.97418
highly_composite_14b,highly_composite,30030,173,<1e3,,True,True,1.4,16312.5,19479.5,27146.0,21083.0,0.837419,0.600917,0.773728,0.717583,0.923943,1.287578,6,0,3,3,1,2,3,1,19479.5,0.923943
mixed_14b,mixed_factor_composite,12673,112,<1e3,,True,True,1.142857,15916.5,20166.5,30667.0,19979.5,0.789254,0.519011,0.796642,0.657596,1.00936,1.534923,3,0,3,2,0,2,2,0,20166.5,1.00936
prime_16b,prime,49157,221,<1e3,,True,True,1.0,36250.0,44312.5,44083.0,44250.0,0.818054,0.822312,0.819209,1.005206,1.001412,0.996226,0,0,0,0,0,0,0,0,44083.0,0.996226
semiprime_16b,semiprime,49373,222,<1e3,,True,True,1.0,23687.5,31729.0,33520.5,30083.5,0.746557,0.706657,0.787392,0.946555,1.054698,1.114249,1,0,1,1,0,1,1,0,31729.0,1.054698
semiprime_near_equal_16b,semiprime_near_equal,50621,224,<1e3,,True,True,1.0,37395.5,48083.5,55396.0,48562.5,0.77772,0.675058,0.770049,0.867996,0.990136,1.140716,0,0,0,1,0,1,1,0,48083.5,0.990136
repeated_16b,repeated_factor_composite,32768,181,<1e3,,True,True,1.0,17791.5,14520.5,14041.5,14041.5,1.225268,1.267065,1.267065,1.034113,1.034113,1.0,0,0,0,0,0,0,0,0,14041.5,1.0
highly_composite_16b,highly_composite,510510,714,<1e3,,True,True,1.5,16979.5,20729.0,99500.0,23750.0,0.819118,0.170648,0.714926,0.208332,0.8728,4.189474,10,0,3,4,2,2,4,2,20729.0,0.8728
mixed_16b,mixed_factor_composite,56129,236,<1e3,,True,True,1.0,17645.5,20729.0,23375.0,20979.5,0.851247,0.754888,0.841083,0.886802,0.98806,1.114183,1,0,1,1,0,1,1,0,20729.0,0.98806
prime_18b,prime,196613,443,<1e3,,True,True,1.0,61875.0,75791.5,75813.0,76666.5,0.816384,0.816153,0.807067,0.999716,0.988587,0.988867,0,0,0,0,0,0,0,0,75791.5,0.988587
semiprime_18b,semiprime,196619,443,<1e3,,True,True,1.0,23958.5,29437.5,33563.0,29687.5,0.813877,0.713837,0.807023,0.877082,0.991579,1.130543,1,0,1,1,0,1,1,0,29437.5,0.991579
semiprime_near_equal_18b,semiprime_near_equal,198907,445,<1e3,,True,True,1.0,61749.5,78666.5,92500.5,80083.0,0.784953,0.667559,0.771069,0.850444,0.982312,1.155058,1,0,1,1,0,1,1,0,78666.5,0.982312
repeated_18b,repeated_factor_composite,131072,362,<1e3,,True,True,1.0,19520.5,14312.5,14729.0,14854.0,1.363878,1.325311,1.314158,0.971722,0.963545,0.991585,0,0,0,0,0,0,0,0,14312.5,0.963545
highly_composite_18b,highly_composite,510510,714,<1e3,,True,True,1.5,17021.0,21416.5,99729.0,24458.5,0.794761,0.170673,0.695913,0.214747,0.875626,4.077478,10,0,3,4,2,2,4,2,21416.5,0.875626
mixed_18b,mixed_factor_composite,212341,460,<1e3,,True,True,1.0,19958.0,24229.5,26854.0,24000.5,0.823707,0.743204,0.831566,0.902268,1.009541,1.118893,1,0,1,1,0,1,1,0,24229.5,1.009541
prime_20b,prime,786433,886,<1e3,,True,True,1.0,108250.0,139813.0,140562.5,141520.5,0.774248,0.77012,0.764907,0.994668,0.987935,0.993231,0,0,0,0,0,0,0,0,139813.0,0.987935
semiprime_20b,semiprime,786767,886,<1e3,,True,True,1.0,23729.0,30583.5,33374.5,33812.5,0.775876,0.710992,0.701782,0.916373,0.904503,0.987046,1,0,0,1,1,0,1,1,30583.5,0.904503
semiprime_near_equal_20b,semiprime_near_equal,804509,896,<1e3,,True,True,1.0,110208.5,142750.0,165166.5,144354.0,0.772039,0.667257,0.76346,0.864279,0.988888,1.144177,1,0,1,1,0,1,1,0,142750.0,0.988888
repeated_20b,repeated_factor_composite,524288,724,<1e3,,True,True,1.0,20333.5,15041.5,14770.5,15188.0,1.351827,1.376629,1.338787,1.018347,0.990354,0.972511,0,0,0,0,0,0,0,0,14770.5,0.972511
highly_composite_20b,highly_composite,9699690,3114,1e3-1e4,,True,True,1.571429,17958.5,22167.0,100770.5,24458.0,0.810146,0.178212,0.734259,0.219975,0.906329,4.120145,15,1,6,5,2,3,4,2,22167.0,0.906329
mixed_20b,mixed_factor_composite,813151,901,<1e3,,True,True,1.03125,24187.5,44020.5,43938.0,34458.5,0.54946,0.550492,0.701931,1.001878,1.277493,1.275099,7,1,1,1,1,0,1,1,43938.0,1.275099
prime_22b,prime,3145739,1773,1e3-1e4,,True,True,1.0,206417.0,269875.5,270437.5,270416.5,0.76486,0.763271,0.76333,0.997922,0.997999,1.000078,0,0,0,0,0,0,0,0,269875.5,0.997999
semiprime_22b,semiprime,3146777,1773,1e3-1e4,,True,True,1.016949,32896.0,40916.5,45124.5,45979.0,0.803979,0.729005,0.715457,0.906747,0.889895,0.981415,28,0,0,1,1,0,1,1,40916.5,0.889895
semiprime_near_equal_22b,semiprime_near_equal,3168391,1779,1e3-1e4,,True,True,1.0,206375.0,269438.0,316666.5,269437.5,0.765946,0.651711,0.765948,0.850857,1.000002,1.175287,0,0,0,1,0,1,1,0,269438.0,1.000002
repeated_22b,repeated_factor_composite,2097152,1448,1e3-1e4,,True,True,1.0,20562.0,15729.0,14979.0,15062.5,1.307267,1.372722,1.365112,1.05007,1.044249,0.994456,0,0,0,0,0,0,0,0,14979.0,0.994456
highly_composite_22b,highly_composite,9699690,3114,1e3-1e4,,True,True,1.571429,17541.5,21979.0,99312.5,24271.0,0.798103,0.176629,0.722735,0.221312,0.905566,4.091817,15,1,6,5,2,3,4,2,21979.0,0.905566
mixed_22b,mixed_factor_composite,3127361,1768,1e3-1e4,,True,True,1.020408,29521.0,37958.5,42771.5,42750.5,0.777718,0.690203,0.690542,0.887472,0.887908,1.000491,5,1,1,1,1,0,1,1,37958.5,0.887908
prime_24b,prime,12582917,3547,1e3-1e4,,True,True,1.0,392208.0,523583.0,519750.0,515187.0,0.749085,0.754609,0.761293,1.007375,1.016297,1.008857,0,0,0,0,0,0,0,0,519750.0,1.008857
semiprime_24b,semiprime,12584101,3547,1e3-1e4,,True,True,1.008403,51687.5,66875.0,71875.5,71063.0,0.772897,0.719125,0.727348,0.930428,0.941066,1.011434,88,0,0,1,1,0,1,1,66875.0,0.941066
semiprime_near_equal_24b,semiprime_near_equal,12616679,3551,1e3-1e4,,True,True,1.0,396999.5,528333.5,613645.5,536979.0,0.751418,0.646953,0.73932,0.860975,0.9839,1.142774,1,0,1,1,0,1,1,0,528333.5,0.9839
repeated_24b,repeated_factor_composite,8388608,2896,1e3-1e4,,True,True,1.0,20875.0,15666.5,15646.0,15666.5,1.332461,1.334207,1.332461,1.00131,1.0,0.998691,0,0,0,0,0,0,0,0,15646.0,0.998691
highly_composite_24b,highly_composite,223092870,14936,1e4-1e5,,True,True,1.625,19000.0,23771.0,103562.5,32520.5,0.799293,0.183464,0.584247,0.229533,0.730954,3.18453,21,3,6,4,3,1,4,3,23771.0,0.730954
mixed_24b,mixed_factor_composite,12640949,3555,1e3-1e4,,True,True,1.012987,38875.0,50562.5,56833.5,56374.5,0.76885,0.684016,0.689585,0.88966,0.896904,1.008142,4,1,1,1,1,0,1,1,50562.5,0.896904
prime_26b,prime,50331653,7094,1e3-1e4,,True,True,1.0,780520.5,1034146.0,1027458.5,1076125.0,0.754749,0.759661,0.725307,1.006509,0.960991,0.954776,0,0,0,0,0,0,0,0,1027458.5,0.954776
semiprime_26b,semiprime,50332621,7094,1e3-1e4,,True,True,1.012658,91062.5,117104.0,122208.0,124416.5,0.777621,0.745144,0.731917,0.958235,0.941226,0.982249,208,0,0,1,1,0,1,1,117104.0,0.941226
semiprime_near_equal_26b,semiprime_near_equal,50495227,7105,1e3-1e4,,True,True,1.0,784104.5,1043728.5,1038916.5,1048167.0,0.751253,0.754733,0.748072,1.004632,0.995765,0.991175,1,1,1,0,0,0,0,0,1038916.5,0.991175
repeated_26b,repeated_factor_composite,33554432,5792,1e3-1e4,,True,True,1.0,22125.5,15958.5,15917.0,16146.0,1.38644,1.390055,1.370339,1.002607,0.988387,0.985817,0,0,0,0,0,0,0,0,15917.0,0.985817
highly_composite_26b,highly_composite,223092870,14936,1e4-1e5,,True,True,1.625,18583.0,23375.0,102229.5,32292.0,0.794995,0.181777,0.575468,0.228652,0.723863,3.165784,21,3,6,4,3,1,4,3,23375.0,0.723863
mixed_26b,mixed_factor_composite,50750753,7123,1e3-1e4,,True,True,1.008065,54354.5,70604.0,80437.5,80083.5,0.76985,0.675736,0.678723,0.87775,0.88163,1.00442,7,1,1,1,1,0,1,1,70604.0,0.88163
stage5_boundary,semiprime_near_equal,100160063,10007,1e4-1e5,,True,True,1.0,1120000.0,1471312.5,1451958.5,1458395.5,0.761225,0.771372,0.767967,1.01333,1.008857,0.995586,0,0,0,0,0,0,0,0,1451958.5,0.995586
limit_probe_sqrt15000,semiprime_near_equal,225450221,15014,1e4-1e5,,True,True,1.0,1651104.5,2195271.0,2187000.0,2262375.0,0.752119,0.754963,0.72981,1.003782,0.970339,0.966683,0,0,0,0,0,0,0,0,2187000.0,0.966683
limit_probe_sqrt20000,semiprime_near_equal,400640231,20015,1e4-1e5,,True,True,1.0,2194625.0,2915979.0,2943646.0,2976042.0,0.75262,0.745547,0.737431,0.990601,0.979818,0.989114,1,1,1,0,0,0,0,0,2915979.0,0.979818
limit_probe_sqrt25000,semiprime_near_equal,626100403,25021,1e4-1e5,,True,True,1.0,2762854.0,3750500.0,3743417.0,3692312.5,0.736663,0.738057,0.748272,1.001892,1.015759,1.013841,1,1,1,0,0,0,0,0,3743417.0,1.013841
limit_probe_sqrt30000,semiprime_near_equal,900720143,30011,1e4-1e5,,True,True,1.0,3413999.5,4430500.0,4559437.0,4476854.5,0.770568,0.748777,0.762589,0.971721,0.989646,1.018447,0,0,0,0,0,0,0,0,4430500.0,0.989646
limit_probe_sqrt40000,semiprime_near_equal,1600880117,40010,1e4-1e5,,True,True,1.0,4487666.5,5975375.5,5907979.0,5989458.5,0.751027,0.759594,0.749261,1.011408,0.997649,0.986396,0,0,0,0,0,0,0,0,5907979.0,0.986396
limit_probe_sqrt50000,semiprime_near_equal,2502200483,50021,1e4-1e5,,True,True,1.0,5601896.0,7510167.0,7490270.5,7523312.5,0.745908,0.74789,0.744605,1.002656,0.998253,0.995608,0,0,0,0,0,0,0,0,7490270.5,0.995608
limit_probe_sqrt70000,semiprime_near_equal,4900280003,70001,1e4-1e5,,True,True,1.0,7896229.0,10472187.5,10529749.5,10508396.0,0.754019,0.749897,0.751421,0.994533,0.996554,1.002032,0,0,0,0,0,0,0,0,10472187.5,0.996554
limit_probe_sqrt100000,semiprime_near_equal,10002200057,100010,1e5-1e6,,True,True,1.0,11344521.0,15049125.0,15120666.5,15032145.5,0.753833,0.750266,0.754684,0.995269,1.00113,1.005889,1,1,1,0,0,0,0,0,15049125.0,1.00113
synthetic_sqrt1000_k0,synthetic_k0,1000003,1000,1e3-1e4,1000,True,True,1.0,120854.5,154041.5,155187.5,155521.0,0.784558,0.778764,0.777094,0.992615,0.990487,0.997856,0,0,0,0,0,0,0,0,154041.5,0.990487
synthetic_sqrt1000_k1,synthetic_k1,1000015,1000,1e3-1e4,1000,True,True,1.252101,61750.0,67499.5,67541.5,67937.5,0.914822,0.914253,0.908924,0.999378,0.993553,0.994171,148,0,0,1,1,0,1,1,67499.5,0.993553
synthetic_sqrt1000_k2,synthetic_k2,999985,999,<1e3,1000,True,True,1.45,31999.5,34208.5,35791.5,36250.0,0.935425,0.894053,0.882745,0.955772,0.943683,0.987352,101,0,0,2,2,0,2,2,34208.5,0.943683
synthetic_sqrt1000_k3,synthetic_k3,1004465,1002,1e3-1e4,1000,True,True,1.461538,19770.5,23333.5,31167.0,25729.5,0.847301,0.634341,0.768398,0.74866,0.906877,1.211333,40,0,11,3,2,1,3,2,23333.5,0.906877
synthetic_sqrt1000_k4,synthetic_k4,995995,997,<1e3,1000,True,True,2.0,16021.0,20083.0,97416.5,22271.0,0.797739,0.164459,0.719366,0.206156,0.901756,4.374141,10,0,3,4,2,2,4,2,20083.0,0.901756
synthetic_sqrt1000_k5,synthetic_k5,935935,967,<1e3,1000,True,True,1.6,16250.0,20083.0,98458.5,22146.0,0.809142,0.165044,0.733767,0.203974,0.906845,4.445882,10,0,3,4,2,2,4,2,20083.0,0.906845
synthetic_sqrt10000_k0,synthetic_k0,100000007,10000,1e4-1e5,10000,True,True,1.0,1108625.5,1433499.5,1467896.0,1455749.5,0.77337,0.755248,0.76155,0.976567,0.984716,1.008344,0,0,0,0,0,0,0,0,1433499.5,0.984716
synthetic_sqrt10000_k1,synthetic_k1,100000015,10000,1e4-1e5,10000,True,True,1.24979,495937.0,532333.5,536750.0,537312.5,0.931628,0.923963,0.922995,0.991772,0.990734,0.998953,1491,0,0,1,1,0,1,1,532333.5,0.990734
synthetic_sqrt10000_k2,synthetic_k2,100000565,10000,1e4-1e5,10000,True,True,1.46114,196916.5,184979.0,186458.5,189228.5,1.064534,1.056088,1.040628,0.992065,0.977543,0.985362,1011,0,0,2,2,0,2,2,184979.0,0.977543
synthetic_sqrt10000_k3,synthetic_k3,100004135,10000,1e4-1e5,10000,True,True,1.592593,69354.0,64854.5,74916.5,72770.5,1.069378,0.925751,0.953051,0.86569,0.89122,1.02949,426,0,0,3,3,0,3,3,64854.5,0.89122
synthetic_sqrt10000_k4,synthetic_k4,100054955,10002,1e4-1e5,10000,True,True,1.5625,30375.0,32729.0,110875.0,40917.0,0.928076,0.273957,0.742356,0.295188,0.799888,2.709754,147,0,29,4,3,1,4,3,32729.0,0.799888
synthetic_sqrt10000_k5,synthetic_k5,100485385,10024,1e4-1e5,10000,True,True,1.666667,18729.0,23791.5,101312.0,32354.0,0.787214,0.184865,0.578877,0.234834,0.73535,3.131359,37,5,11,4,3,1,4,3,23791.5,0.73535
synthetic_sqrt10000_k6,synthetic_k6,98613515,9930,1e3-1e4,10000,True,True,1.833333,17542.0,22833.0,104250.0,31520.5,0.768274,0.168269,0.556527,0.219022,0.724386,3.307371,21,3,6,4,3,1,4,3,22833.0,0.724386
synthetic_sqrt100000_k0,synthetic_k0,10000000019,100000,1e5-1e6,100000,True,True,1.0,11389562.5,14862854.5,15176104.0,15200499.5,0.766311,0.750493,0.749289,0.979359,0.977787,0.998395,0,0,0,0,0,0,0,0,14862854.5,0.977787
synthetic_sqrt100000_k1,synthetic_k1,10000000055,100000,1e5-1e6,100000,True,True,1.249958,5084500.0,5570770.5,5570000.0,5508604.5,0.91271,0.912837,0.923011,1.000138,1.011285,1.011145,14906,0,0,1,1,0,1,1,5570000.0,1.011145
synthetic_sqrt100000_k2,synthetic_k2,10000000045,100000,1e5-1e6,100000,True,True,1.458215,1964312.0,1832708.0,1834438.0,1824166.5,1.071808,1.070798,1.076827,0.999057,1.004682,1.005631,10141,0,0,2,2,0,2,2,1832708.0,1.004682
synthetic_sqrt100000_k3,synthetic_k3,10000001935,100000,1e5-1e6,100000,True,True,1.604717,600813.0,510500.0,509979.0,503167.0,1.176911,1.178113,1.194063,1.001022,1.014574,1.013538,4220,0,0,3,3,0,3,3,509979.0,1.013538
synthetic_sqrt100000_k4,synthetic_k4,10000085095,100000,1e5-1e6,100000,True,True,1.736264,165792.0,139875.0,220250.0,220583.5,1.185287,0.752745,0.751607,0.635074,0.634114,0.998488,1468,0,0,4,4,0,4,4,139875.0,0.634114
synthetic_sqrt100000_k5,synthetic_k5,9999954965,99999,1e4-1e5,100000,True,True,1.787879,51729.0,48479.5,127229.0,127083.0,1.067028,0.406582,0.407049,0.381041,0.381479,1.001149,415,64,64,4,4,0,4,4,48479.5,0.381479
synthetic_sqrt100000_k6,synthetic_k6,10018163155,100090,1e5-1e6,100000,True,True,1.631579,24354.0,28583.0,106979.5,106708.5,0.852045,0.227651,0.228229,0.267182,0.267861,1.00254,107,29,29,4,4,0,4,4,28583.0,0.267861
synthetic_sqrt100000_k8,synthetic_k8,11861104255,108908,1e5-1e6,100000,True,True,1.75,18645.5,24042.0,103395.5,103562.5,0.775539,0.180332,0.180041,0.232525,0.23215,0.998387,29,6,6,4,4,0,4,4,24042.0,0.23215
synthetic_sqrt1000000_k0,synthetic_k0,1000000000039,1000000,>=1e6,1000000,True,True,1.0,115324396.0,151688645.5,152838208.0,152284083.5,0.76027,0.754552,0.757298,0.992479,0.99609,1.003639,0,0,0,0,0,0,0,0,151688645.5,0.99609
synthetic_sqrt1000000_k1,synthetic_k1,1000000000205,1000000,>=1e6,1000000,True,True,1.249998,51207791.5,55134792.0,54977229.5,55260542.0,0.928775,0.931436,0.926661,1.002866,0.997724,0.994873,149071,0,0,1,1,0,1,1,54977229.5,0.994873
synthetic_sqrt1000000_k2,synthetic_k2,1000000001105,1000000,>=1e6,1000000,True,True,1.458329,19287041.5,18132417.0,17752021.0,18040875.5,1.063677,1.08647,1.069075,1.021428,1.005074,0.983989,101415,0,0,2,2,0,2,2,17752021.0,0.983989
synthetic_sqrt1000000_k3,synthetic_k3,999999999845,999999,1e5-1e6,1000000,True,True,1.604041,5734729.0,4863166.5,4880354.5,4908084.0,1.179217,1.175064,1.168425,0.996478,0.990848,0.99435,42226,0,0,3,3,0,3,3,4863166.5,0.990848
synthetic_sqrt1000000_k4,synthetic_k4,999999995995,999999,1e5-1e6,1000000,True,True,1.737928,1588646.5,1230229.5,1336125.5,1357604.0,1.291342,1.188995,1.170184,0.920744,0.906177,0.984179,14645,0,0,4,4,0,4,4,1230229.5,0.906177
synthetic_sqrt1000000_k5,synthetic_k5,1000000346345,1000000,>=1e6,1000000,True,True,1.847021,383520.5,296896.0,382312.5,379875.0,1.291767,1.00316,1.009597,0.776579,0.781562,1.006417,4207,657,657,4,4,0,4,4,296896.0,0.781562
synthetic_sqrt1000000_k6,synthetic_k6,1000000856855,1000000,>=1e6,1000000,True,True,1.934783,101229.5,83041.5,163229.0,161708.5,1.219023,0.620169,0.626,0.508742,0.513526,1.009403,1095,287,287,4,4,0,4,4,83041.5,0.513526
synthetic_sqrt1000000_k8,synthetic_k8,1001724168445,1000861,>=1e6,1000000,True,True,2.125,20146.0,24708.5,105812.5,105875.5,0.815347,0.190393,0.19028,0.233512,0.233373,0.999405,37,10,10,4,4,0,4,4,24708.5,0.233373
synthetic_sqrt10000000_k0,synthetic_k0,100000000000031,10000000,>=1e6,10000000,True,True,1.0,1155211916.0,1548084771.0,1528284166.5,1530412979.5,0.74622,0.755888,0.754837,1.012956,1.011547,0.998609,0,0,0,0,0,0,0,0,1528284166.5,0.998609
synthetic_sqrt10000000_k1,synthetic_k1,100000000000105,10000000,>=1e6,10000000,True,True,1.250001,519815083.0,559668083.5,560158479.5,556142750.5,0.928792,0.927979,0.934679,0.999125,1.006339,1.007221,1490711,0,0,1,1,0,1,1,559668083.5,1.006339
synthetic_sqrt10000000_k2,synthetic_k2,100000000001405,10000000,>=1e6,10000000,True,True,1.458333,197319916.5,181649604.5,183316417.0,182487125.0,1.086267,1.07639,1.081281,0.990907,0.995411,1.004544,1014183,0,0,2,2,0,2,2,181649604.5,0.995411
synthetic_sqrt10000000_k3,synthetic_k3,100000000002595,10000000,>=1e6,10000000,True,True,1.604157,59037166.5,50477938.0,50889083.5,49918708.0,1.169564,1.160115,1.182666,0.991921,1.011203,1.019439,422277,0,0,3,3,0,3,3,50477938.0,1.011203
synthetic_sqrt10000000_k4,synthetic_k4,100000000054955,10000000,>=1e6,10000000,True,True,1.737784,16397937.5,12980979.5,13032729.5,13104333.0,1.263228,1.258212,1.251337,0.996029,0.990587,0.994536,146488,0,0,4,4,0,4,4,12980979.5,0.990587
synthetic_sqrt10000000_k5,synthetic_k5,100000003748645,10000000,>=1e6,10000000,True,True,1.845496,3950916.5,2959791.5,2996875.0,3062458.0,1.334863,1.318345,1.290113,0.987626,0.966476,0.978585,42100,6575,6575,4,4,0,4,4,2959791.5,0.966476
synthetic_sqrt10000000_k6,synthetic_k6,100000022637515,10000001,>=1e6,10000000,True,True,1.946627,889458.0,645312.0,738271.0,743937.5,1.378338,1.204785,1.195609,0.874086,0.867428,0.992383,11070,2925,2925,4,4,0,4,4,645312.0,0.867428
synthetic_sqrt10000000_k8,synthetic_k8,100013909360365,10000695,>=1e6,10000000,True,True,1.8,49333.5,48958.5,128229.0,131666.5,1.00766,0.38473,0.374685,0.381805,0.371837,0.973892,530,219,219,4,4,0,4,4,48958.5,0.371837
synthetic_sqrt10000000_k10,synthetic_k10,102653544198205,10131808,>=1e6,10000000,True,True,2.1,21458.5,27354.0,107770.5,106792.0,0.784474,0.199113,0.200937,0.253817,0.256143,1.009163,57,21,21,4,4,0,4,4,27354.0,0.256143
