test_id,input,input_bits,problem_class,result_D,result_E,results_identical,hypothesis_tests_identical,hypothesis_sequence_identical,hypothesis_sequence_compared,deterministic_E,deterministic_D,termination_D,termination_E,wheel6_candidate_tests,sieve_hypothesis_tests,lazy_hypothesis_tests,search_compression_ratio,candidate_space_estimated_size,candidate_generated_count,candidate_skipped_count,candidate_symbolically_excluded_count,candidate_materialized_count,candidate_constraint_count,candidate_constraint_eval_count,candidate_space_next_count,sieve_builder_appends,sieve_filter_rows_scanned,lazy_filter_rows_scanned,vm_instructions_B,vm_instructions_D,vm_instructions_E,allocations_B,allocations_D,allocations_E,allocated_bytes_D,allocated_bytes_E,exec_ns_B,exec_ns_D,exec_ns_E,wall_ms_B,wall_ms_D,wall_ms_E,peak_mb_D,peak_mb_E,CMR,GER,PCR,ACR,RTR,wall_ratio_D_over_E,exec_ratio_D_over_B,exec_ratio_E_over_B,wall_ratio_E_over_B
basic_12,12,4,mixed,1,1,True,True,True,True,True,True,completed,completed,3,3,3,1.0,0,0,0,0,0,0,0,0,0,0,0,33,40,40,152,78,68,8965,7843,14834,14958,12834,2.228,2.614,2.259,3.2768,3.19488,0.0,,1.0,1.1471,1.1655,1.1569,1.0084,0.8652,1.0143
basic_18,18,5,mixed,1,1,True,True,True,True,True,True,completed,completed,3,3,3,1.0,0,0,0,0,0,0,0,0,0,0,0,33,40,40,152,78,68,8965,7843,14583,12833,10667,2.259,2.292,2.23,3.309568,3.211264,0.0,,1.0,1.1471,1.2031,1.0279,0.88,0.7315,0.9872
basic_21,21,5,mixed,7,7,True,True,True,True,True,True,completed,completed,1,1,1,1.0,0,0,0,0,0,0,0,0,0,0,0,23,30,30,123,79,71,8985,8671,14042,12333,10583,2.115,2.158,2.153,3.325952,3.211264,0.0,,1.0,1.1127,1.1654,1.0024,0.8783,0.7537,1.0177
basic_35,35,6,mixed,7,7,True,True,True,True,True,True,completed,completed,1,1,1,1.0,1,1,0,,0,1,0,1,1,1,0,25,54,46,123,100,81,12162,10004,13292,16916,15125,2.108,2.207,2.243,3.309568,3.260416,0.0,1.0,1.1739,1.2346,1.1184,0.9841,1.2726,1.1379,1.0639
basic_60,60,6,mixed,5,5,True,True,True,True,True,True,completed,completed,3,3,3,1.0,0,0,0,0,0,0,0,0,0,0,0,35,42,42,182,81,73,9049,8735,14208,13542,11375,2.155,2.191,2.26,3.293184,3.260416,0.0,,1.0,1.1096,1.1905,0.9697,0.9531,0.8006,1.0483
basic_84,84,7,mixed,7,7,True,True,True,True,True,True,completed,completed,3,3,3,1.0,0,0,0,0,0,0,0,0,0,0,0,35,42,42,182,81,73,9049,8735,15291,13125,11500,2.185,2.256,2.167,3.325952,3.227648,0.0,,1.0,1.1096,1.1413,1.0415,0.8583,0.7521,0.9917
basic_97,97,7,mixed,97,97,True,True,True,True,True,True,completed,completed,2,2,2,1.0,2,2,0,0,0,0,0,2,2,0,0,37,64,48,93,101,73,10640,9728,14292,16334,11875,2.102,2.193,2.18,3.293184,3.19488,0.0,1.0,1.3333,1.3836,1.3755,1.0061,1.1429,0.8309,1.0372
basic_100,100,7,mixed,1,1,True,True,True,True,True,True,completed,completed,3,4,4,0.75,1,1,0,,0,1,0,1,1,1,0,37,70,62,182,99,80,12142,9984,16292,19416,15750,2.022,2.229,2.152,3.293184,3.227648,0.0,4.0,1.129,1.2375,1.2328,1.0357,1.1918,0.9667,1.0645
basic_231,231,8,mixed,11,11,True,True,True,True,True,True,completed,completed,3,3,3,1.0,2,2,0,,0,1,0,2,2,2,0,41,80,64,153,117,86,13908,10159,15583,19541,16208,2.159,2.215,2.226,3.325952,3.260416,0.0,1.5,1.25,1.3605,1.2056,0.9953,1.254,1.0401,1.0308
basic_997,997,10,mixed,997,997,True,True,True,True,True,True,completed,completed,10,10,10,1.0,10,10,0,0,0,0,0,10,10,0,0,117,224,144,93,183,73,17544,9728,16459,25750,16458,2.176,2.275,2.302,3.309568,3.227648,0.0,1.0,1.5556,2.5068,1.5646,0.9882,1.5645,0.9999,1.0579
prime_8b,193,8,prime,193,193,True,True,True,True,True,True,completed,completed,4,4,4,1.0,4,4,0,0,0,0,0,4,4,0,0,57,104,72,93,121,73,12126,9728,15250,18125,12791,2.351,2.246,2.2,3.309568,3.211264,0.0,1.0,1.4444,1.6575,1.417,1.0208,1.1885,0.8388,0.9358
semiprime_8b,194,8,semiprime,97,97,True,True,True,True,True,True,completed,completed,3,3,3,1.0,2,2,0,0,0,0,0,2,2,0,0,43,70,54,123,104,76,10723,9811,15292,17125,12208,2.216,2.272,2.201,3.309568,3.244032,0.0,1.5,1.2963,1.3684,1.4028,1.0323,1.1199,0.7983,0.9932
semiprime_near_equal_8b,221,8,semiprime_near_equal,17,17,True,True,True,True,True,True,completed,completed,4,4,4,1.0,4,4,0,,0,1,0,4,4,4,0,55,114,82,123,135,84,15410,10095,16834,20917,16541,2.169,2.23,2.192,3.325952,3.227648,0.0,1.0,1.3902,1.6071,1.2646,1.0175,1.2425,0.9826,1.0104
repeated_8b,128,8,repeated_factor_composite,1,1,True,True,True,True,True,True,completed,completed,7,7,7,1.0,0,0,0,0,0,0,0,0,0,0,0,57,64,64,268,76,66,8901,7779,16291,13250,11750,2.224,2.222,2.195,3.309568,3.211264,0.0,,1.0,1.1515,1.1277,1.0123,0.8133,0.7213,0.9871
highly_composite_8b,210,8,highly_composite,7,7,True,True,True,True,True,True,completed,completed,3,3,3,1.0,1,1,0,,0,1,0,1,1,1,0,37,66,58,183,104,85,12290,10132,15000,18375,16166,2.074,2.292,2.243,3.325952,3.211264,0.0,3.0,1.1379,1.2235,1.1366,1.0217,1.225,1.0777,1.0815
mixed_8b,154,8,mixed_factor_composite,11,11,True,True,True,True,True,True,completed,completed,3,3,3,1.0,2,2,0,,0,1,0,2,2,2,0,41,80,64,153,117,86,13908,10159,14750,18709,16500,2.151,2.145,2.221,3.309568,3.260416,0.0,1.5,1.25,1.3605,1.1339,0.9657,1.2684,1.1186,1.0325
prime_10b,769,10,prime,769,769,True,True,True,True,True,True,completed,completed,8,8,8,1.0,8,8,0,0,0,0,0,8,8,0,0,97,184,120,93,162,73,15418,9728,15667,24375,15292,2.072,2.202,2.087,3.342336,3.260416,0.0,1.0,1.5333,2.2192,1.594,1.055,1.5558,0.9761,1.0075
semiprime_10b,679,10,semiprime,97,97,True,True,True,True,True,True,completed,completed,3,2,2,1.5,8,3,0,,0,1,1,3,8,8,0,45,136,61,123,176,83,18862,10070,14959,26292,15667,2.044,2.308,2.212,3.342336,3.244032,0.0,0.6667,2.2295,2.1205,1.6782,1.0433,1.7576,1.0473,1.0818
semiprime_near_equal_10b,899,10,semiprime_near_equal,31,31,True,True,True,True,True,True,completed,completed,9,9,9,1.0,9,9,0,,0,1,0,9,9,9,0,105,214,142,123,187,84,20285,10095,17458,27250,18792,2.189,2.226,2.242,3.325952,3.244032,0.0,1.0,1.507,2.2262,1.4501,0.9926,1.5609,1.0764,1.0243
repeated_10b,512,10,repeated_factor_composite,1,1,True,True,True,True,True,True,completed,completed,9,9,9,1.0,0,0,0,0,0,0,0,0,0,0,0,69,76,76,327,76,66,8901,7779,17250,13542,12208,2.186,2.143,2.199,3.309568,3.244032,0.0,,1.0,1.1515,1.1093,0.9746,0.785,0.7077,1.0058
highly_composite_10b,2310,12,highly_composite,11,11,True,True,True,True,True,True,completed,completed,5,4,4,1.25,6,3,0,,0,2,3,3,6,11,0,55,140,83,213,160,90,16826,10371,16125,25791,17541,2.089,2.202,2.242,3.342336,3.260416,0.0,1.3333,1.6867,1.7778,1.4703,0.9821,1.5994,1.0878,1.0735
mixed_10b,715,10,mixed_factor_composite,13,13,True,True,True,True,True,True,completed,completed,4,3,3,1.3333,8,4,0,,0,2,4,4,8,14,0,53,157,83,152,181,89,19203,10334,15334,25166,16916,2.085,2.269,2.177,3.325952,3.227648,0.0,0.75,1.8916,2.0337,1.4877,1.0424,1.6412,1.1032,1.0444
prime_12b,3079,12,prime,3079,3079,True,True,True,True,True,True,completed,completed,18,18,18,1.0,18,18,0,0,0,0,0,18,18,0,0,197,384,240,93,264,73,24768,9728,21250,32750,19500,2.143,2.239,2.262,3.325952,3.244032,0.0,1.0,1.6,3.6164,1.6795,0.9899,1.5412,0.9176,1.0553
semiprime_12b,3007,12,semiprime,97,97,True,True,True,True,True,True,completed,completed,10,10,10,1.0,17,11,0,,0,1,1,11,17,17,0,115,305,157,123,268,83,27829,10070,19292,32000,19041,2.134,2.174,2.156,3.309568,3.260416,0.0,0.9091,1.9427,3.2289,1.6806,1.0085,1.6587,0.987,1.0106
semiprime_near_equal_12b,3599,12,semiprime_near_equal,61,61,True,True,True,True,True,True,completed,completed,19,19,19,1.0,19,19,0,,0,1,0,19,19,19,0,205,414,262,123,288,84,29395,10095,25625,37666,24541,2.189,2.268,2.321,3.342336,3.211264,0.0,1.0,1.5802,3.4286,1.5348,0.9775,1.4699,0.9577,1.0603
repeated_12b,2048,12,repeated_factor_composite,1,1,True,True,True,True,True,True,completed,completed,11,11,11,1.0,0,0,0,0,0,0,0,0,0,0,0,81,88,88,385,76,66,8901,7779,17083,15125,13000,2.217,2.325,2.212,3.2768,3.260416,0.0,,1.0,1.1515,1.1635,1.0514,0.8854,0.761,0.9976
highly_composite_12b,30030,15,highly_composite,13,13,True,True,True,True,True,True,completed,completed,7,5,5,1.4,22,4,0,,0,3,6,4,22,54,0,73,305,105,242,327,96,32455,10659,20708,33709,19000,2.25,2.376,2.272,3.342336,3.227648,0.0,1.25,2.9048,3.4062,1.7742,1.0457,1.6278,0.9175,1.01
mixed_12b,3553,12,mixed_factor_composite,19,19,True,True,True,True,True,True,completed,completed,6,5,5,1.2,19,6,0,,0,2,4,6,19,36,0,73,278,107,152,293,89,30176,10334,18625,36208,19584,2.218,2.308,2.306,3.309568,3.260416,0.0,0.8333,2.5981,3.2921,1.8489,1.001,1.9441,1.0515,1.0397
prime_14b,12289,14,prime,12289,12289,True,True,True,True,True,True,completed,completed,36,36,36,1.0,36,36,0,0,0,0,0,36,36,0,0,377,744,456,93,445,73,40702,9728,30292,51417,31625,2.536,2.392,2.269,3.342336,3.244032,0.0,1.0,1.6316,6.0959,1.6258,1.0542,1.6974,1.044,0.8946
semiprime_14b,12319,14,semiprime,127,127,True,True,True,True,True,True,completed,completed,32,32,32,1.0,36,33,0,,0,1,1,33,36,36,0,335,718,421,123,459,83,45266,10070,25583,53416,29750,2.448,2.397,2.298,3.325952,3.227648,0.0,0.9697,1.7055,5.5301,1.7955,1.0431,2.0879,1.1629,0.9387
semiprime_near_equal_14b,14351,14,semiprime_near_equal,127,127,True,True,True,True,True,True,completed,completed,37,37,37,1.0,39,38,0,,0,1,1,38,39,39,0,385,800,481,123,489,83,47615,10070,27500,57708,35917,2.37,2.369,2.274,3.325952,3.260416,0.0,0.9737,1.6632,5.8916,1.6067,1.0418,2.0985,1.3061,0.9594
repeated_14b,8192,14,repeated_factor_composite,1,1,True,True,True,True,True,True,completed,completed,13,13,13,1.0,0,0,0,0,0,0,0,0,0,0,0,93,100,100,443,76,66,8901,7779,21500,14416,14375,2.301,2.225,2.33,3.293184,3.19488,0.0,,1.0,1.1515,1.0029,0.955,0.6705,0.6686,1.0127
highly_composite_14b,30030,15,highly_composite,13,13,True,True,True,True,True,True,completed,completed,7,5,5,1.4,22,4,0,,0,3,6,4,22,54,0,73,305,105,242,327,96,32455,10659,16834,37417,19166,2.208,2.499,2.24,3.342336,3.227648,0.0,1.25,2.9048,3.4062,1.9523,1.1157,2.2227,1.1385,1.0146
mixed_14b,12673,14,mixed_factor_composite,29,29,True,True,True,True,True,True,completed,completed,8,7,7,1.1429,36,8,0,,0,2,3,8,36,70,0,93,453,131,152,464,89,46727,10334,17875,42500,21459,2.195,2.186,2.295,3.375104,3.227648,0.0,0.875,3.458,5.2135,1.9805,0.9526,2.3776,1.2005,1.0453
prime_16b,49157,16,prime,49157,49157,True,True,True,True,True,True,completed,completed,73,73,73,1.0,73,73,0,0,0,0,0,73,73,0,0,747,1484,900,93,816,73,73313,9728,42875,83333,50625,2.222,2.397,2.304,3.375104,3.211264,0.0,1.0,1.6489,11.1781,1.6461,1.0406,1.9436,1.1808,1.0369
semiprime_16b,49373,16,semiprime,509,509,True,True,True,True,True,True,completed,completed,32,32,32,1.0,73,33,0,,0,1,1,33,73,73,0,335,1051,421,123,830,83,79357,10070,25125,82166,30250,2.174,2.356,2.16,3.391488,3.227648,0.0,0.9697,2.4964,10.0,2.7162,1.0905,3.2703,1.204,0.9939
semiprime_near_equal_16b,50621,16,semiprime_near_equal,227,227,True,True,True,True,True,True,completed,completed,74,74,74,1.0,74,74,0,,0,1,0,74,74,74,0,755,1514,922,123,840,84,80140,10095,38708,96541,48250,2.246,2.305,2.437,3.375104,3.227648,0.0,1.0,1.6421,10.0,2.0008,0.946,2.4941,1.2465,1.0848
repeated_16b,32768,16,repeated_factor_composite,1,1,True,True,True,True,True,True,completed,completed,15,15,15,1.0,0,0,0,0,0,0,0,0,0,0,0,105,112,112,501,76,66,8901,7779,18792,14750,13667,2.242,2.186,2.161,3.293184,3.260416,0.0,,1.0,1.1515,1.0792,1.0118,0.7849,0.7273,0.9637
highly_composite_16b,510510,19,highly_composite,17,17,True,True,True,True,True,True,completed,completed,9,6,6,1.5,96,5,0,,0,4,10,5,96,299,0,91,992,127,271,1074,102,105018,11019,18250,80458,21250,2.295,2.293,2.284,3.391488,3.260416,0.0,1.2,7.811,10.5294,3.7863,1.0039,4.4087,1.1644,0.9951
mixed_16b,56129,16,mixed_factor_composite,41,41,True,True,True,True,True,True,completed,completed,13,13,13,1.0,78,13,0,,0,1,1,13,78,78,0,143,882,187,152,880,83,83272,10070,20125,67875,21750,2.249,2.31,2.358,3.342336,3.211264,0.0,1.0,4.7166,10.6024,3.1207,0.9795,3.3727,1.0807,1.0486
prime_18b,196613,18,prime,196613,196613,True,True,True,True,True,True,completed,completed,147,147,147,1.0,147,147,0,0,0,0,0,147,147,0,0,1487,2964,1788,93,1557,73,138535,9728,66667,153291,72542,2.382,2.491,2.436,3.375104,3.19488,0.0,1.0,1.6577,21.3288,2.1131,1.0225,2.2994,1.0881,1.0228
semiprime_18b,196619,18,semiprime,2027,2027,True,True,True,True,True,True,completed,completed,32,32,32,1.0,147,33,0,,0,1,1,33,147,147,0,335,1717,421,123,1571,83,147539,10070,25042,109125,29542,2.304,2.496,2.234,3.375104,3.244032,0.0,0.9697,4.0784,18.9277,3.6939,1.1169,4.3577,1.1797,0.9696
semiprime_near_equal_18b,198907,18,semiprime_near_equal,449,449,True,True,True,True,True,True,completed,completed,147,147,147,1.0,148,148,0,,0,1,1,148,148,148,0,1485,2991,1801,123,1581,83,148322,10070,65084,159417,77625,2.169,2.366,2.308,3.407872,3.19488,0.0,0.9932,1.6607,19.0482,2.0537,1.0248,2.4494,1.1927,1.064
repeated_18b,131072,18,repeated_factor_composite,1,1,True,True,True,True,True,True,completed,completed,17,17,17,1.0,0,0,0,0,0,0,0,0,0,0,0,117,124,124,560,76,66,8901,7779,20167,15500,13208,2.172,2.212,2.238,3.309568,3.211264,0.0,,1.0,1.1515,1.1735,0.9887,0.7686,0.6549,1.0303
highly_composite_18b,510510,19,highly_composite,17,17,True,True,True,True,True,True,completed,completed,9,6,6,1.5,96,5,0,,0,4,10,5,96,299,0,91,992,127,271,1074,102,105018,11019,18500,83209,20792,2.238,2.278,2.343,3.407872,3.19488,0.0,1.2,7.811,10.5294,4.002,0.9722,4.4978,1.1239,1.0469
mixed_18b,212341,18,mixed_factor_composite,61,61,True,True,True,True,True,True,completed,completed,20,20,20,1.0,152,20,0,,0,1,1,20,152,152,0,213,1625,271,152,1621,83,151454,10070,21667,106292,25958,2.219,2.344,2.391,3.35872,3.227648,0.0,1.0,5.9963,19.5301,4.0948,0.9805,4.9057,1.198,1.0776
prime_20b,786433,20,prime,786433,786433,True,True,True,True,True,True,completed,completed,294,294,294,1.0,294,294,0,0,0,0,0,294,294,0,0,2957,5904,3552,93,3028,73,268236,9728,114167,290250,133584,2.271,2.532,2.531,3.538944,3.244032,0.0,1.0,1.6622,41.4795,2.1728,1.0003,2.5423,1.1701,1.1145
semiprime_20b,786767,20,semiprime,8111,8111,True,True,True,True,True,True,completed,completed,32,32,32,1.0,294,33,0,,0,1,1,33,294,294,0,335,3040,421,123,3042,83,283120,10070,25292,188792,30459,2.233,2.467,2.407,3.538944,3.244032,0.0,0.9697,7.2209,36.6506,6.1982,1.0252,7.4645,1.2043,1.0778
semiprime_near_equal_20b,804509,20,semiprime_near_equal,907,907,True,True,True,True,True,True,completed,completed,295,295,295,1.0,298,296,0,,0,1,1,296,298,298,0,2965,5969,3577,123,3082,83,286252,10070,111000,306459,136458,2.323,2.649,2.393,3.555328,3.244032,0.0,0.9966,1.6687,37.1325,2.2458,1.1069,2.7609,1.2294,1.0301
repeated_20b,524288,20,repeated_factor_composite,1,1,True,True,True,True,True,True,completed,completed,19,19,19,1.0,0,0,0,0,0,0,0,0,0,0,0,129,136,136,618,76,66,8901,7779,21708,15292,18542,2.317,2.276,2.783,3.309568,3.227648,0.0,,1.0,1.1515,0.8247,0.8179,0.7044,0.8542,1.201
highly_composite_20b,9699690,24,highly_composite,19,19,True,True,True,True,True,True,completed,completed,11,7,7,1.5714,423,6,0,,0,5,15,6,423,1553,0,109,3956,149,300,4351,108,428960,11451,19292,275167,24792,2.243,2.558,2.331,3.6864,3.244032,0.0,1.1667,26.5503,40.287,11.099,1.0977,14.2633,1.2851,1.039
mixed_20b,813151,20,mixed_factor_composite,101,101,True,True,True,True,True,True,completed,completed,33,32,32,1.0312,300,33,0,,0,2,7,33,300,597,0,343,3104,431,152,3107,89,299799,10334,25250,195375,31125,2.172,2.521,2.299,3.571712,3.227648,0.0,0.9697,7.2019,34.9101,6.2771,1.0966,7.7376,1.2327,1.0587
prime_22b,3145739,22,prime,3145739,3145739,True,True,True,True,True,True,completed,completed,590,590,590,1.0,590,590,0,0,0,0,0,590,590,0,0,5917,11824,7104,93,5989,73,529124,9728,207333,576791,261167,2.399,3.076,3.225,3.702784,3.19488,0.0,1.0,1.6644,82.0411,2.2085,0.9538,2.782,1.2596,1.3445
semiprime_22b,3146777,22,semiprime,32441,32441,True,True,True,True,True,True,completed,completed,60,59,59,1.0169,590,60,0,,0,1,28,60,590,590,0,615,6001,745,123,6003,83,555848,10070,35917,365500,42833,2.23,2.682,2.418,3.76832,3.260416,0.0,0.9833,8.055,72.3253,8.5331,1.1091,10.1762,1.1926,1.0841
semiprime_near_equal_22b,3168391,22,semiprime_near_equal,1783,1783,True,True,True,True,True,True,completed,completed,592,592,592,1.0,592,592,0,,0,1,0,592,592,592,0,5935,11874,7138,123,6023,85,557414,10127,208375,610292,260125,2.539,2.995,2.594,3.751936,3.211264,0.0,1.0,1.6635,70.8588,2.3461,1.1544,2.9288,1.2484,1.0217
repeated_22b,2097152,22,repeated_factor_composite,1,1,True,True,True,True,True,True,completed,completed,21,21,21,1.0,0,0,0,0,0,0,0,0,0,0,0,141,148,148,676,76,66,8901,7779,23167,16041,14042,2.314,2.345,2.284,3.293184,3.227648,0.0,,1.0,1.1515,1.1424,1.0266,0.6924,0.6061,0.9869
highly_composite_22b,9699690,24,highly_composite,19,19,True,True,True,True,True,True,completed,completed,11,7,7,1.5714,423,6,0,,0,5,15,6,423,1553,0,109,3956,149,300,4351,108,428960,11451,20083,290958,22208,2.354,2.527,2.465,3.670016,3.244032,0.0,1.1667,26.5503,40.287,13.1015,1.0252,14.4878,1.1058,1.0471
mixed_22b,3127361,22,mixed_factor_composite,151,151,True,True,True,True,True,True,completed,completed,50,49,49,1.0204,588,50,0,,0,2,5,50,588,1172,0,513,5883,635,152,5988,89,577743,10334,30791,367209,39542,2.251,2.787,2.513,3.751936,3.227648,0.0,0.98,9.2646,67.2809,9.2866,1.1089,11.9259,1.2842,1.1167
prime_24b,12582917,24,prime,12582917,12582917,True,True,True,True,True,True,completed,completed,1182,1182,1182,1.0,1182,1182,0,0,0,0,0,1182,1182,0,0,11837,23664,14208,93,11910,73,1050900,9728,399625,1206083,481750,2.755,3.917,2.914,3.948544,3.260416,0.0,1.0,1.6655,163.1507,2.5035,1.3441,3.018,1.2055,1.0576
semiprime_24b,12584101,24,semiprime,129733,129733,True,True,True,True,True,True,completed,completed,120,119,119,1.0084,1182,120,0,,0,1,88,120,1182,1182,0,1215,11989,1465,123,11924,83,1101304,10070,59083,687959,67667,2.477,3.038,2.571,4.030464,3.227648,0.0,0.9917,8.1836,143.6627,10.1668,1.1814,11.6439,1.1453,1.0382
semiprime_near_equal_24b,12616679,24,semiprime_near_equal,3557,3557,True,True,True,True,True,True,completed,completed,1182,1182,1182,1.0,1183,1183,0,,0,1,1,1183,1183,1183,0,11835,23691,14221,123,11934,84,1102087,10102,418916,1221250,494375,2.704,3.736,3.003,4.01408,3.227648,0.0,0.9992,1.6659,142.0714,2.4703,1.244,2.9153,1.1801,1.1105
repeated_24b,8388608,24,repeated_factor_composite,1,1,True,True,True,True,True,True,completed,completed,23,23,23,1.0,0,0,0,0,0,0,0,0,0,0,0,153,160,160,734,76,66,8901,7779,23709,17541,16042,2.354,2.522,2.496,3.293184,3.244032,0.0,,1.0,1.1515,1.0934,1.0105,0.7398,0.6766,1.0602
highly_composite_24b,223092870,28,highly_composite,23,23,True,True,True,True,True,True,completed,completed,13,8,8,1.625,2032,7,0,,0,6,21,7,2032,8583,0,127,18458,171,330,20448,114,2028628,11955,20625,1286000,23875,2.386,3.873,2.781,4.472832,3.211264,0.0,1.1429,107.9415,179.3684,53.8639,1.3927,62.3515,1.1576,1.1655
mixed_24b,12640949,24,mixed_factor_composite,239,239,True,True,True,True,True,True,completed,completed,78,77,77,1.013,1184,78,0,,0,2,4,78,1184,2363,0,793,11555,971,152,11949,89,1150131,10334,43875,724125,56375,2.53,3.441,2.752,4.063232,3.227648,0.0,0.9872,11.9001,134.2584,12.8448,1.2503,16.5043,1.2849,1.0878
prime_26b,50331653,26,prime,50331653,50331653,True,True,True,True,True,True,completed,completed,2364,2364,2364,1.0,2364,2364,0,0,0,0,0,2364,2364,0,0,23657,47304,28392,93,23731,73,2092966,9728,835166,2407542,959916,3.32,5.12,3.851,4.521984,3.19488,0.0,1.0,1.6661,325.0822,2.5081,1.3295,2.8827,1.1494,1.1601
semiprime_26b,50332621,26,semiprime,518893,518893,True,True,True,True,True,True,completed,completed,240,237,237,1.0127,2364,238,2,,0,1,208,238,2364,2364,0,2415,23925,2881,123,23745,83,2190650,10070,97459,1463584,117500,2.5,4.074,2.641,4.702208,3.260416,0.0,0.9958,8.3044,286.0843,12.456,1.5426,15.0174,1.2056,1.0563
semiprime_near_equal_26b,50495227,26,semiprime_near_equal,7109,7109,True,True,True,True,True,True,completed,completed,2367,2367,2367,1.0,2368,2368,0,,0,1,1,2368,2368,2368,0,23685,47391,28441,123,23785,84,2193782,10102,848375,2374417,1008417,3.305,5.236,3.767,4.685824,3.260416,0.0,0.9996,1.6663,283.1548,2.3546,1.3901,2.7988,1.1886,1.1396
repeated_26b,33554432,26,repeated_factor_composite,1,1,True,True,True,True,True,True,completed,completed,25,25,25,1.0,0,0,0,0,0,0,0,0,0,0,0,165,172,172,792,76,66,8901,7779,23875,21541,15959,2.387,2.627,2.433,3.309568,3.227648,0.0,,1.0,1.1515,1.3498,1.0799,0.9022,0.6684,1.0194
highly_composite_26b,223092870,28,highly_composite,23,23,True,True,True,True,True,True,completed,completed,13,8,8,1.625,2032,7,0,,0,6,21,7,2032,8583,0,127,18458,171,330,20448,114,2028628,11955,20334,1257209,28084,2.428,3.811,3.01,4.489216,3.227648,0.0,1.1429,107.9415,179.3684,44.766,1.2662,61.8279,1.3811,1.2395
mixed_26b,50750753,26,mixed_factor_composite,379,379,True,True,True,True,True,True,completed,completed,125,124,124,1.0081,2374,125,0,,0,2,7,125,2374,4741,0,1263,22782,1535,152,23850,89,2293261,10334,63541,1462416,69292,2.657,4.362,2.735,4.636672,3.260416,0.0,0.992,14.8417,267.9775,21.1051,1.5947,23.0153,1.0905,1.0297
stage5_boundary,100160063,27,semiprime_near_equal,10009,10009,True,True,True,True,True,True,completed,completed,3335,3335,3335,1.0,3335,3335,0,,0,1,0,3335,3335,3335,0,33365,66734,40054,123,33455,85,2950943,10127,1137875,3483416,1380834,3.49,6.619,3.937,5.177344,3.211264,0.0,1.0,1.6661,393.5882,2.5227,1.6809,3.0613,1.2135,1.1283
limit_probe_sqrt15000,225450221,28,semiprime_near_equal,15017,15017,True,True,True,True,True,True,completed,completed,5004,5004,5004,1.0,5004,5004,0,,0,1,0,5004,5004,5004,0,50055,100114,60082,123,50146,85,4585450,10127,1796333,5399500,2110541,4.249,7.966,4.85,6.06208,3.260416,0.0,1.0,1.6663,589.9529,2.5583,1.6425,3.0058,1.1749,1.1413
limit_probe_sqrt20000,400640231,29,semiprime_near_equal,20021,20021,True,True,True,True,True,True,completed,completed,6670,6670,6670,1.0,6671,6671,0,,0,1,1,6671,6671,6671,0,66715,133451,80077,123,66816,84,5890711,10102,2294292,7017333,2811834,4.854,10.019,5.668,6.88128,3.260416,0.0,0.9999,1.6665,795.4286,2.4956,1.7676,3.0586,1.2256,1.1677
limit_probe_sqrt25000,626100403,30,semiprime_near_equal,25031,25031,True,True,True,True,True,True,completed,completed,8337,8337,8337,1.0,8340,8338,0,,0,1,1,8338,8340,8340,0,83385,166809,100081,123,83507,84,7852898,10102,2807417,8868791,3473917,5.558,12.096,6.734,7.798784,3.260416,0.0,0.9999,1.6667,994.131,2.553,1.7962,3.1591,1.2374,1.2116
limit_probe_sqrt30000,900720143,30,semiprime_near_equal,30013,30013,True,True,True,True,True,True,completed,completed,10003,10003,10003,1.0,10003,10003,0,,0,1,0,10003,10003,10003,0,100045,200094,120070,123,100137,85,9155027,10127,3515708,10582166,4297125,6.321,14.293,7.68,8.650752,3.244032,0.0,1.0,1.6665,1178.0824,2.4626,1.8609,3.01,1.2223,1.2151
limit_probe_sqrt40000,1600880117,31,semiprime_near_equal,40013,40013,True,True,True,True,True,True,completed,completed,13336,13336,13336,1.0,13336,13336,0,,0,1,0,13336,13336,13336,0,133375,266754,160066,123,133467,85,11764766,10127,4666125,14461417,5887625,7.52,18.149,10.297,10.305536,3.244032,0.0,1.0,1.6665,1570.2,2.4562,1.7626,3.0992,1.2618,1.3692
limit_probe_sqrt50000,2502200483,32,semiprime_near_equal,50023,50023,True,True,True,True,True,True,completed,completed,16673,16673,16673,1.0,16673,16673,0,,0,1,0,16673,16673,16673,0,166745,333494,200110,123,166838,85,15688357,10127,5821750,18145458,7054250,9.3,22.438,11.196,12.025856,3.211264,0.0,1.0,1.6666,1962.8,2.5723,2.0041,3.1168,1.2117,1.2039
limit_probe_sqrt70000,4900280003,33,semiprime_near_equal,70003,70003,True,True,True,True,True,True,completed,completed,23333,23333,23333,1.0,23333,23333,0,,0,1,0,23333,23333,23333,0,233345,466694,280030,123,233438,85,20903137,10127,8285209,25619833,10117042,11.898,30.3,15.269,15.499264,3.227648,0.0,1.0,1.6666,2746.3294,2.5323,1.9844,3.0922,1.2211,1.2833
limit_probe_sqrt100000,10002200057,34,semiprime_near_equal,100019,100019,True,True,,False,True,True,completed,completed,33334,33334,33334,1.0,33336,33335,0,,0,1,1,33335,33336,33336,0,333355,666740,400045,123,333469,84,31356926,10102,11938209,36655917,14510000,17.239,43.163,21.55,20.660224,3.227648,0.0,1.0,1.6667,3969.869,2.5263,2.0029,3.0705,1.2154,1.2501
