test_id,problem_class,N,sqrt_N,search_space_bucket,search_space_target,candidate_tests_B,hypothesis_tests_E,candidate_generated_E,candidate_skipped_E,RCR,vm_instr_B,vm_instr_E,POR,alloc_B,alloc_E,AER,runtime_ns_B,runtime_ns_E,RTER,runtime_ns_B_p25,runtime_ns_B_p75,runtime_ns_E_p25,runtime_ns_E_p75,runtime_ns_B_min,runtime_ns_B_max,runtime_ns_E_min,runtime_ns_E_max,peak_memory_B,peak_memory_E,allocated_bytes_B,allocated_bytes_E,relation_dispatch_B,relation_dispatch_E,constraint_eval_E,branch_B,branch_E,state_transition_B,state_transition_E,REI,termination_B,termination_E,results_identical
basic_12,mixed,12,3,<1e3,,3,3,0,0,1.0,33.0,40.0,0.825,152.0,68.0,2.235294,17604.0,16479.0,1.068269,13959,22834,12125,19250,13375,26000,11209,21000,170468.0,222888.0,11364.0,7843.0,0,0,0,7,9,9,10,1.253593,completed,completed,True
basic_18,mixed,18,4,<1e3,,3,3,0,0,1.0,33.0,40.0,0.825,152.0,68.0,2.235294,14771.0,13603.5,1.085824,13500,15584,11792,17166,13333,20792,11500,19542,170468.0,222888.0,11364.0,7843.0,0,0,0,7,9,9,10,1.260422,completed,completed,True
basic_21,mixed,21,4,<1e3,,1,1,0,0,1.0,23.0,30.0,0.766667,123.0,71.0,1.732394,15937.0,11292.0,1.411353,12958,19583,10875,13833,12625,25041,10209,16458,169436.0,223421.0,10088.0,8671.0,0,0,0,5,7,7,8,1.233,completed,completed,True
basic_35,mixed,35,5,<1e3,,1,1,1,0,1.0,25.0,46.0,0.543478,123.0,81.0,1.518519,17958.0,15979.5,1.123815,15709,20042,14708,16625,12834,23209,14166,17666,169436.0,223412.0,10088.0,10004.0,0,1,0,6,12,7,12,0.975212,completed,completed,True
basic_60,mixed,60,7,<1e3,,3,3,0,0,1.0,35.0,42.0,0.833333,182.0,73.0,2.493151,15041.5,11271.0,1.334531,14292,16875,11083,12334,14083,23792,10625,13417,171524.0,223485.0,12664.0,8735.0,0,0,0,7,9,9,10,1.404856,completed,completed,True
basic_84,mixed,84,9,<1e3,,3,3,0,0,1.0,35.0,42.0,0.833333,182.0,73.0,2.493151,15333.5,10958.5,1.399233,14458,17750,10916,11042,14042,25000,10792,11542,171524.0,223485.0,12664.0,8735.0,0,0,0,7,9,9,10,1.427203,completed,completed,True
basic_97,mixed,97,9,<1e3,,2,2,2,0,1.0,37.0,48.0,0.770833,93.0,73.0,1.273973,14542.0,12062.5,1.205554,13292,15583,11666,12916,13167,18000,11333,13958,168384.0,223429.0,8793.0,9728.0,0,0,0,10,14,10,9,1.057878,completed,completed,True
basic_100,mixed,100,10,<1e3,,3,4,1,0,0.75,37.0,62.0,0.596774,182.0,80.0,2.275,14645.5,15208.5,0.962981,14000,15750,14584,16417,13833,28959,14542,16792,171524.0,223417.0,12664.0,9984.0,0,1,0,8,15,9,15,1.09346,completed,completed,False
basic_231,mixed,231,15,<1e3,,3,3,2,0,1.0,41.0,64.0,0.640625,153.0,86.0,1.77907,16916.5,15750.0,1.074063,14250,17917,15542,15958,13833,22458,15125,16542,170496.0,223551.0,11393.0,10159.0,0,1,0,10,17,10,14,1.069733,completed,completed,True
basic_997,mixed,997,31,<1e3,,10,10,10,0,1.0,117.0,144.0,0.8125,93.0,73.0,1.273973,16603.5,15542.0,1.068299,16167,17333,15375,16250,15750,28167,15042,18333,168388.0,223429.0,8798.0,9728.0,0,0,0,34,46,26,17,1.034091,completed,completed,True
prime_8b,prime,193,13,<1e3,,4,4,4,0,1.0,57.0,72.0,0.791667,93.0,73.0,1.273973,15458.0,12791.5,1.208459,14375,16458,12541,13250,14042,24584,12333,16417,168388.0,223429.0,8798.0,9728.0,0,0,0,16,22,14,11,1.068181,completed,completed,True
semiprime_8b,semiprime,194,13,<1e3,,3,3,2,0,1.0,43.0,54.0,0.796296,123.0,76.0,1.618421,14521.0,12687.5,1.144512,13834,16000,12375,13041,13750,24292,11916,14083,169440.0,223487.0,10093.0,9811.0,0,0,0,11,15,11,10,1.138314,completed,completed,True
semiprime_near_equal_8b,semiprime_near_equal,221,14,<1e3,,4,4,4,0,1.0,55.0,82.0,0.670732,123.0,84.0,1.464286,14792.0,16979.0,0.871194,14458,15458,16416,17333,14250,19625,15792,19708,169444.0,223487.0,10098.0,10095.0,0,1,0,15,24,13,15,0.949358,completed,completed,True
repeated_8b,repeated_factor_composite,128,11,<1e3,,7,7,0,0,1.0,57.0,64.0,0.890625,268.0,66.0,4.060606,15292.0,11479.0,1.332172,14916,16041,11167,11917,14667,18042,11042,16333,174860.0,222824.0,17020.0,7779.0,0,0,0,11,13,13,14,1.688944,completed,completed,True
highly_composite_8b,highly_composite,210,14,<1e3,,3,3,1,0,1.0,37.0,58.0,0.637931,183.0,85.0,2.152941,14375.0,15500.0,0.927419,14083,14667,15166,16083,14000,19209,14834,16959,171548.0,223540.0,12688.0,10132.0,0,1,0,8,14,9,14,1.083995,completed,completed,True
mixed_8b,mixed_factor_composite,154,12,<1e3,,3,3,2,0,1.0,41.0,64.0,0.640625,153.0,86.0,1.77907,14666.5,16000.5,0.916628,14166,15000,15417,16375,13875,16208,14833,16875,170496.0,223551.0,11393.0,10159.0,0,1,0,10,17,10,14,1.014682,completed,completed,True
prime_10b,prime,769,27,<1e3,,8,8,8,0,1.0,97.0,120.0,0.808333,93.0,73.0,1.273973,15729.5,14646.0,1.073979,15458,19000,14417,15667,15375,20333,14292,18125,168388.0,223429.0,8798.0,9728.0,0,0,0,28,38,22,15,1.034147,completed,completed,True
semiprime_10b,semiprime,679,26,<1e3,,3,2,3,0,1.5,45.0,61.0,0.737705,123.0,83.0,1.481928,14354.0,16354.0,0.877706,14250,14875,15583,16875,14000,15250,15458,21042,169440.0,223487.0,10093.0,10070.0,0,1,1,12,17,11,14,0.986324,completed,completed,True
semiprime_near_equal_10b,semiprime_near_equal,899,29,<1e3,,9,9,9,0,1.0,105.0,142.0,0.739437,123.0,84.0,1.464286,16375.0,19271.0,0.849722,16208,16875,18667,20792,15958,22042,18333,22125,169444.0,223487.0,10098.0,10095.0,0,1,0,30,44,23,20,0.972601,completed,completed,True
repeated_10b,repeated_factor_composite,512,22,<1e3,,9,9,0,0,1.0,69.0,76.0,0.907895,327.0,66.0,4.954545,16167.0,11875.0,1.361432,15709,17125,11625,12875,15292,23500,11542,22000,177500.0,222824.0,20724.0,7779.0,0,0,0,13,15,15,16,1.829554,completed,completed,True
highly_composite_10b,highly_composite,2310,48,<1e3,,5,4,3,0,1.25,55.0,83.0,0.662651,213.0,90.0,2.366667,15416.5,19687.0,0.78308,15250,15583,17958,23375,15042,16209,17292,27083,172872.0,223540.0,14545.0,10371.0,0,2,3,13,21,12,20,1.070885,completed,completed,True
mixed_10b,mixed_factor_composite,715,26,<1e3,,4,3,4,0,1.333333,53.0,83.0,0.638554,152.0,89.0,1.707865,14938.0,18041.5,0.82798,14583,15334,17292,21083,14375,16750,17125,24792,170476.0,223487.0,11374.0,10334.0,0,2,4,14,23,12,19,0.966549,completed,completed,True
prime_12b,prime,3079,55,<1e3,,18,18,18,0,1.0,197.0,240.0,0.820833,93.0,73.0,1.273973,19042.0,19271.0,0.988117,18917,19500,18917,20000,18750,21625,18625,34750,168392.0,223429.0,8803.0,9728.0,0,0,0,58,78,42,25,1.010977,completed,completed,True
semiprime_12b,semiprime,3007,54,<1e3,,10,10,11,0,1.0,115.0,157.0,0.732484,123.0,83.0,1.481928,16562.0,20479.0,0.808731,16417,16875,19667,20917,16208,19083,18833,26792,169444.0,223487.0,10098.0,10070.0,0,1,1,33,49,25,22,0.95751,completed,completed,True
semiprime_near_equal_12b,semiprime_near_equal,3599,59,<1e3,,19,19,19,0,1.0,205.0,262.0,0.782443,123.0,84.0,1.464286,19708.0,24396.0,0.807837,19583,22875,24125,25500,19334,25750,23584,37291,169444.0,223487.0,10098.0,10095.0,0,1,0,60,84,43,30,0.974543,completed,completed,True
repeated_12b,repeated_factor_composite,2048,45,<1e3,,11,11,0,0,1.0,81.0,88.0,0.920455,385.0,66.0,5.833333,17833.5,17229.5,1.035056,17166,19833,14917,19167,16375,22583,12042,25125,179564.0,222824.0,23276.0,7779.0,0,0,0,15,17,17,18,1.771309,completed,completed,True
highly_composite_12b,highly_composite,30030,173,<1e3,,7,5,4,0,1.4,73.0,105.0,0.695238,242.0,96.0,2.520833,16854.0,20687.5,0.814695,16542,23417,18917,24625,16125,29167,18333,41000,173908.0,223540.0,15826.0,10659.0,0,3,6,18,27,15,25,1.12605,completed,completed,True
mixed_12b,mixed_factor_composite,3553,59,<1e3,,6,5,6,0,1.2,73.0,107.0,0.682243,152.0,89.0,1.707865,15687.5,21854.5,0.717816,15250,15917,19750,23625,15000,19291,18375,26667,170480.0,223487.0,11379.0,10334.0,0,2,4,20,31,16,21,0.942183,completed,completed,True
prime_14b,prime,12289,110,<1e3,,36,36,36,0,1.0,377.0,456.0,0.826754,93.0,73.0,1.273973,26874.5,27958.0,0.961245,25041,29833,27166,29833,24709,31042,26667,35667,168396.0,223429.0,8808.0,9728.0,0,0,0,112,150,78,43,1.004131,completed,completed,True
semiprime_14b,semiprime,12319,110,<1e3,,32,32,33,0,1.0,335.0,421.0,0.795724,123.0,83.0,1.481928,23916.5,29312.5,0.815915,23625,24334,28833,29958,23083,28166,28417,30792,169448.0,223487.0,10103.0,10070.0,0,1,1,99,137,69,44,0.987214,completed,completed,True
semiprime_near_equal_14b,semiprime_near_equal,14351,119,<1e3,,37,37,38,0,1.0,385.0,481.0,0.800416,123.0,83.0,1.481928,25416.5,32541.5,0.781049,25250,25500,31375,36791,25167,29834,30542,40542,169452.0,223487.0,10108.0,10070.0,0,1,1,114,157,79,49,0.974856,completed,completed,True
repeated_14b,repeated_factor_composite,8192,90,<1e3,,13,13,0,0,1.0,93.0,100.0,0.93,443.0,66.0,6.712121,17479.0,12895.5,1.355434,17000,19250,12750,14667,16500,31083,12542,14750,181628.0,222824.0,25828.0,7779.0,0,0,0,17,19,19,20,2.037701,completed,completed,True
highly_composite_14b,highly_composite,30030,173,<1e3,,7,5,4,0,1.4,73.0,105.0,0.695238,242.0,96.0,2.520833,19145.5,19812.5,0.966334,16750,21625,19250,22750,16458,29042,18458,27000,173908.0,223540.0,15826.0,10659.0,0,3,6,18,27,15,25,1.191978,completed,completed,True
mixed_14b,mixed_factor_composite,12673,112,<1e3,,8,7,8,0,1.142857,93.0,131.0,0.709924,152.0,89.0,1.707865,19604.0,20208.5,0.970087,17041,23291,18834,24208,15792,26000,18541,26333,170480.0,223487.0,11379.0,10334.0,0,2,3,26,39,20,23,1.055582,completed,completed,True
prime_16b,prime,49157,221,<1e3,,73,73,73,0,1.0,747.0,900.0,0.83,93.0,73.0,1.273973,42646.0,52750.0,0.808455,36916,45291,44708,55167,36584,54250,42750,61291,168396.0,223429.0,8808.0,9728.0,0,0,0,223,298,152,80,0.94907,completed,completed,True
semiprime_16b,semiprime,49373,222,<1e3,,32,32,33,0,1.0,335.0,421.0,0.795724,123.0,83.0,1.481928,27125.5,35041.5,0.774096,24500,30041,30833,42583,24042,32583,30042,44583,169448.0,223487.0,10103.0,10070.0,0,1,1,99,137,69,44,0.970052,completed,completed,True
semiprime_near_equal_16b,semiprime_near_equal,50621,224,<1e3,,74,74,74,0,1.0,755.0,922.0,0.818872,123.0,84.0,1.464286,44896.0,54000.0,0.831407,43334,49042,49792,62166,38000,52667,47792,65208,169452.0,223487.0,10108.0,10095.0,0,1,0,225,304,153,85,0.998969,completed,completed,True
repeated_16b,repeated_factor_composite,32768,181,<1e3,,15,15,0,0,1.0,105.0,112.0,0.9375,501.0,66.0,7.590909,20166.5,15458.5,1.304557,18416,21875,14125,18416,18000,26125,12541,22042,183692.0,222824.0,28380.0,7779.0,0,0,0,19,21,21,22,2.101726,completed,completed,True
highly_composite_16b,highly_composite,510510,714,<1e3,,9,6,5,0,1.5,91.0,127.0,0.716535,271.0,102.0,2.656863,22417.0,21708.5,1.032637,17667,23375,20084,25292,17500,29459,19792,30916,174944.0,223540.0,17107.0,11019.0,0,4,10,23,33,18,30,1.252713,completed,completed,True
mixed_16b,mixed_factor_composite,56129,236,<1e3,,13,13,13,0,1.0,143.0,187.0,0.764706,152.0,83.0,1.831325,22770.5,21708.0,1.048945,18250,24750,20750,25334,17542,26791,19917,39708,170480.0,223487.0,11379.0,10070.0,0,1,1,41,58,30,25,1.136765,completed,completed,True
prime_18b,prime,196613,443,<1e3,,147,147,147,0,1.0,1487.0,1788.0,0.831655,93.0,73.0,1.273973,68625.0,74875.0,0.916528,64125,76000,73250,80583,61417,81333,71875,87416,168400.0,223429.0,8813.0,9728.0,0,0,0,445,594,300,154,0.990261,completed,completed,True
semiprime_18b,semiprime,196619,443,<1e3,,32,32,33,0,1.0,335.0,421.0,0.795724,123.0,83.0,1.481928,29146.0,30166.5,0.966171,26250,32083,28625,35542,24542,37750,28416,46500,169452.0,223487.0,10108.0,10070.0,0,1,1,99,137,69,44,1.044434,completed,completed,True
semiprime_near_equal_18b,semiprime_near_equal,198907,445,<1e3,,147,147,148,0,1.0,1485.0,1801.0,0.824542,123.0,83.0,1.481928,61937.5,88062.5,0.703336,61375,70583,86834,94250,60958,77166,75917,141666,169452.0,223487.0,10108.0,10070.0,0,1,1,444,597,299,159,0.950753,completed,completed,True
repeated_18b,repeated_factor_composite,131072,362,<1e3,,17,17,0,0,1.0,117.0,124.0,0.943548,560.0,66.0,8.484848,22187.0,14542.0,1.525719,20459,24458,13917,16625,18958,26791,13334,17792,186908.0,222824.0,33236.0,7779.0,0,0,0,21,23,23,24,2.303001,completed,completed,True
highly_composite_18b,highly_composite,510510,714,<1e3,,9,6,5,0,1.5,91.0,127.0,0.716535,271.0,102.0,2.656863,17458.5,20937.5,0.833839,17208,17917,20000,21958,16834,26209,19584,26584,174944.0,223540.0,17107.0,11019.0,0,4,10,23,33,18,30,1.166531,completed,completed,True
mixed_18b,mixed_factor_composite,212341,460,<1e3,,20,20,20,0,1.0,213.0,271.0,0.785978,152.0,83.0,1.831325,20271.0,23791.5,0.852027,20125,20584,23417,24250,19666,21084,23292,25125,170480.0,223487.0,11379.0,10070.0,0,1,1,62,86,44,32,1.070392,completed,completed,True
prime_20b,prime,786433,886,<1e3,,294,294,294,0,1.0,2957.0,3552.0,0.832489,93.0,73.0,1.273973,109042.0,132208.0,0.824776,107834,111042,131584,142459,107250,115125,131041,148542,168400.0,223429.0,8813.0,9728.0,0,0,0,886,1182,594,301,0.956368,completed,completed,True
semiprime_20b,semiprime,786767,886,<1e3,,32,32,33,0,1.0,335.0,421.0,0.795724,123.0,83.0,1.481928,23917.0,28854.0,0.828897,23584,27792,28500,29292,23334,34000,27917,29583,169452.0,223487.0,10108.0,10070.0,0,1,1,99,137,69,44,0.992423,completed,completed,True
semiprime_near_equal_20b,semiprime_near_equal,804509,896,<1e3,,295,295,296,0,1.0,2965.0,3577.0,0.828907,123.0,83.0,1.481928,110000.0,135271.0,0.813182,109209,110875,134875,136875,108416,131709,134417,153375,169452.0,223487.0,10108.0,10070.0,0,1,1,888,1189,595,307,0.999632,completed,completed,True
repeated_20b,repeated_factor_composite,524288,724,<1e3,,19,19,0,0,1.0,129.0,136.0,0.948529,618.0,66.0,9.363636,21083.5,14750.0,1.42939,20542,26458,13541,15625,19542,29667,13334,19375,188972.0,222824.0,35788.0,7779.0,0,0,0,23,25,25,26,2.332824,completed,completed,True
highly_composite_20b,highly_composite,9699690,3114,1e3-1e4,,11,7,6,0,1.571429,109.0,149.0,0.731544,300.0,108.0,2.777778,18292.0,20917.0,0.874504,18250,19875,20333,21833,18125,28792,19500,22917,175980.0,223540.0,18388.0,11451.0,0,5,15,28,39,21,35,1.211249,completed,completed,True
mixed_20b,mixed_factor_composite,813151,901,<1e3,,33,32,33,0,1.03125,343.0,431.0,0.795824,152.0,89.0,1.707865,25145.5,31188.0,0.806256,24709,26000,30792,34125,24375,28708,29958,37916,170484.0,223487.0,11384.0,10334.0,0,2,7,101,139,70,48,1.030974,completed,completed,True
prime_22b,prime,3145739,1773,1e3-1e4,,590,590,590,0,1.0,5917.0,7104.0,0.832911,93.0,73.0,1.273973,222062.5,262479.0,0.84602,206292,229917,248959,282500,204000,241708,246875,286875,168404.0,223429.0,8818.0,9728.0,0,0,0,1774,2366,1186,597,0.964672,completed,completed,True
semiprime_22b,semiprime,3146777,1773,1e3-1e4,,60,59,60,0,1.016949,615.0,745.0,0.825503,123.0,83.0,1.481928,33687.5,42708.5,0.788777,33125,38833,41292,49458,33083,49875,39875,57042,169456.0,223487.0,10113.0,10070.0,0,1,28,183,245,125,71,0.988174,completed,completed,True
semiprime_near_equal_22b,semiprime_near_equal,3168391,1779,1e3-1e4,,592,592,592,0,1.0,5935.0,7138.0,0.831465,123.0,85.0,1.447059,207937.5,260500.5,0.798223,206458,232667,256334,276125,205375,238125,254375,294041,169460.0,223487.0,10118.0,10127.0,0,1,0,1779,2376,1189,603,0.986624,completed,completed,True
repeated_22b,repeated_factor_composite,2097152,1448,1e3-1e4,,21,21,0,0,1.0,141.0,148.0,0.952703,676.0,66.0,10.242424,24708.0,24146.5,1.023254,23833,27708,20417,30833,22625,31875,20292,47750,191036.0,222824.0,38340.0,7779.0,0,0,0,25,27,27,28,2.15335,completed,completed,True
highly_composite_22b,highly_composite,9699690,3114,1e3-1e4,,11,7,6,0,1.571429,109.0,149.0,0.731544,300.0,108.0,2.777778,24271.0,30834.0,0.787151,22083,27292,27334,32167,20209,28375,22416,34250,175980.0,223540.0,18388.0,11451.0,0,5,15,28,39,21,35,1.169496,completed,completed,True
mixed_22b,mixed_factor_composite,3127361,1768,1e3-1e4,,50,49,50,0,1.020408,513.0,635.0,0.807874,152.0,89.0,1.707865,35562.5,47271.0,0.752311,31083,41250,39125,51292,30417,49875,37750,82208,170492.0,223487.0,11394.0,10334.0,0,2,5,152,207,104,65,1.012507,completed,completed,True
prime_24b,prime,12582917,3547,1e3-1e4,,1182,1182,1182,0,1.0,11837.0,14208.0,0.833122,93.0,73.0,1.273973,439083.5,493583.0,0.889584,418083,458334,484208,543917,398084,533416,481041,612917,168408.0,223429.0,8823.0,9728.0,0,0,0,3550,4734,2370,1189,0.981037,completed,completed,True
semiprime_24b,semiprime,12584101,3547,1e3-1e4,,120,119,120,0,1.008403,1215.0,1465.0,0.829352,123.0,83.0,1.481928,58479.0,72313.0,0.808693,53458,62916,68292,81167,53041,66500,66291,117417,169460.0,223487.0,10118.0,10070.0,0,1,88,363,485,245,131,0.997968,completed,completed,True
semiprime_near_equal_24b,semiprime_near_equal,12616679,3551,1e3-1e4,,1182,1182,1183,0,1.0,11835.0,14221.0,0.83222,123.0,84.0,1.464286,421853.5,503333.5,0.838119,406667,430375,492334,518541,398458,449042,486125,585125,169460.0,223487.0,10118.0,10102.0,0,1,1,3549,4737,2369,1194,1.007063,completed,completed,True
repeated_24b,repeated_factor_composite,8388608,2896,1e3-1e4,,23,23,0,0,1.0,153.0,160.0,0.95625,734.0,66.0,11.121212,25208.0,18104.5,1.392361,22625,28792,16750,20083,22334,33417,16166,24334,193100.0,222824.0,40892.0,7779.0,0,0,0,27,29,29,30,2.455605,completed,completed,True
highly_composite_24b,highly_composite,223092870,14936,1e4-1e5,,13,8,7,0,1.625,127.0,171.0,0.74269,330.0,114.0,2.894737,24645.5,27020.5,0.912104,20250,30417,24625,30125,19250,37917,23042,34958,177592.0,223540.0,20821.0,11955.0,0,6,21,33,45,24,40,1.251662,completed,completed,True
mixed_24b,mixed_factor_composite,12640949,3555,1e3-1e4,,78,77,78,0,1.012987,793.0,971.0,0.816684,152.0,89.0,1.707865,45896.0,59854.0,0.766799,41916,47000,55833,65625,39125,51125,49208,125833,170492.0,223487.0,11394.0,10334.0,0,2,4,236,319,160,93,1.022656,completed,completed,True
prime_26b,prime,50331653,7094,1e3-1e4,,2364,2364,2364,0,1.0,23657.0,28392.0,0.833228,93.0,73.0,1.273973,831771.0,1022270.5,0.813651,816834,879208,982500,1080666,791042,913958,961000,1128750,168408.0,223429.0,8823.0,9728.0,0,0,0,7096,9462,4734,2371,0.95233,completed,completed,True
semiprime_26b,semiprime,50332621,7094,1e3-1e4,,240,237,238,2,1.012658,2415.0,2881.0,0.838251,123.0,83.0,1.481928,104729.0,127687.5,0.820198,100000,111375,120458,134875,92042,116500,116500,144458,169460.0,223487.0,10118.0,10070.0,0,1,208,723,957,485,249,1.006252,completed,completed,True
semiprime_near_equal_26b,semiprime_near_equal,50495227,7105,1e3-1e4,,2367,2367,2368,0,1.0,23685.0,28441.0,0.832777,123.0,84.0,1.464286,834083.0,1042125.5,0.800367,813625,891125,989667,1095916,791083,1163834,969000,1138166,169460.0,223487.0,10118.0,10102.0,0,1,1,7104,9477,4739,2379,0.991931,completed,completed,True
repeated_26b,repeated_factor_composite,33554432,5792,1e3-1e4,,25,25,0,0,1.0,165.0,172.0,0.959302,792.0,66.0,12.0,31083.5,18374.5,1.691665,25958,33459,16333,22584,22541,45208,15500,25792,195164.0,222824.0,43444.0,7779.0,0,0,0,29,31,31,32,2.690401,completed,completed,True
highly_composite_26b,highly_composite,223092870,14936,1e4-1e5,,13,8,7,0,1.625,127.0,171.0,0.74269,330.0,114.0,2.894737,25729.0,25895.5,0.99357,22917,28292,23583,31875,20833,33584,22042,37500,177592.0,223540.0,20821.0,11955.0,0,6,21,33,45,24,40,1.287869,completed,completed,True
mixed_26b,mixed_factor_composite,50750753,7123,1e3-1e4,,125,124,125,0,1.008065,1263.0,1535.0,0.822801,152.0,89.0,1.707865,64500.0,84667.0,0.761808,56208,66917,78750,90375,54375,71667,72958,96125,170492.0,223487.0,11394.0,10334.0,0,2,7,377,507,254,140,1.022974,completed,completed,True
stage5_boundary,semiprime_near_equal,100160063,10007,1e4-1e5,,3335,3335,3335,0,1.0,33365.0,40054.0,0.833,123.0,85.0,1.447059,1197729.0,1476500.0,0.811195,1178458,1238417,1441417,1621750,1128916,1255292,1358708,1855708,169468.0,223487.0,10128.0,10127.0,0,1,0,10008,13348,6675,3346,0.992549,completed,completed,True
limit_probe_sqrt15000,semiprime_near_equal,225450221,15014,1e4-1e5,,5004,5004,5004,0,1.0,50055.0,60082.0,0.833111,123.0,85.0,1.447059,1808500.0,2199125.0,0.822373,1751959,1866000,2147250,2272666,1706583,1882333,2055334,2476125,169468.0,223487.0,10128.0,10127.0,0,1,0,15015,20024,10013,5015,0.997132,completed,completed,True
limit_probe_sqrt20000,semiprime_near_equal,400640231,20015,1e4-1e5,,6670,6670,6671,0,1.0,66715.0,80077.0,0.833136,123.0,84.0,1.464286,2344375.0,2906312.5,0.806649,2318000,2409417,2839084,2984167,2284375,2591667,2792541,3111458,169468.0,223487.0,10128.0,10102.0,0,1,1,20013,26689,13345,6682,0.994662,completed,completed,True
limit_probe_sqrt25000,semiprime_near_equal,626100403,25021,1e4-1e5,,8337,8337,8338,0,1.0,83385.0,100081.0,0.833175,123.0,84.0,1.464286,2924854.0,3587333.0,0.815328,2891958,3010625,3529167,3696292,2811417,3224375,3507875,3869583,169468.0,223487.0,10128.0,10102.0,0,1,1,25014,33357,16679,8349,0.998232,completed,completed,True
limit_probe_sqrt30000,semiprime_near_equal,900720143,30011,1e4-1e5,,10003,10003,10003,0,1.0,100045.0,120070.0,0.833222,123.0,85.0,1.447059,3548499.5,4304229.5,0.824422,3480792,3579584,4281292,4456334,3400250,3760458,4188833,4503292,169468.0,223487.0,10128.0,10127.0,0,1,0,30012,40020,20011,10014,0.998004,completed,completed,True
limit_probe_sqrt40000,semiprime_near_equal,1600880117,40010,1e4-1e5,,13336,13336,13336,0,1.0,133375.0,160066.0,0.83325,123.0,85.0,1.447059,4771541.5,5954625.0,0.801317,4660334,4889208,5874958,6193541,4575834,5008166,5635083,6282833,169468.0,223487.0,10128.0,10127.0,0,1,0,40011,53352,26677,13347,0.988603,completed,completed,True
limit_probe_sqrt50000,semiprime_near_equal,2502200483,50021,1e4-1e5,,16673,16673,16673,0,1.0,166745.0,200110.0,0.833267,123.0,85.0,1.447059,6103708.0,7549354.0,0.808507,5942750,6259375,7378750,7671000,5837292,6415292,7195084,7769333,169468.0,223487.0,10128.0,10127.0,0,1,0,50022,66700,33351,16684,0.991558,completed,completed,True
limit_probe_sqrt70000,semiprime_near_equal,4900280003,70001,1e4-1e5,,23333,23333,23333,0,1.0,233345.0,280030.0,0.833286,123.0,85.0,1.447059,8483437.5,10407458.5,0.815131,8358917,8619625,10294084,10436583,8281791,8820542,10150250,10573167,169468.0,223487.0,10128.0,10127.0,0,1,0,70002,93340,46671,23344,0.994266,completed,completed,True
limit_probe_sqrt100000,semiprime_near_equal,10002200057,100010,1e5-1e6,,33334,33334,33335,0,1.0,333355.0,400045.0,0.833294,123.0,84.0,1.464286,12009666.5,14414937.5,0.83314,11940625,12050959,14305416,14481333,11819042,12104625,14204792,14721750,169476.0,223487.0,10138.0,10102.0,0,1,1,100005,133345,66673,33346,1.005497,completed,completed,True
synthetic_sqrt1000_k0,synthetic_k0,1000003,1000,1e3-1e4,1000,332,332,332,0,1.0,3337.0,4008.0,0.832585,93.0,73.0,1.273973,123562.5,148229.0,0.833592,121042,134209,146250,168041,120083,137709,146000,201000,168404.0,223429.0,8818.0,9728.0,0,0,0,1000,1334,670,339,0.9598,completed,completed,True
synthetic_sqrt1000_k1,synthetic_k1,1000015,1000,1e3-1e4,1000,149,119,120,29,1.252101,1505.0,1465.0,1.027304,123.0,83.0,1.481928,61958.0,69125.5,0.896312,61875,62208,66167,72666,61250,65916,65916,89083,169456.0,223487.0,10113.0,10070.0,0,1,148,450,485,303,131,1.109162,completed,completed,True
synthetic_sqrt1000_k2,synthetic_k2,999985,999,<1e3,1000,58,40,41,16,1.45,593.0,527.0,1.125237,152.0,89.0,1.707865,34687.5,37125.0,0.934343,32875,37083,35125,40375,32333,37666,34625,46458,170484.0,223487.0,11384.0,10334.0,0,2,101,176,171,120,56,1.215443,completed,completed,True
synthetic_sqrt1000_k3,synthetic_k3,1004465,1002,1e3-1e4,1000,19,13,14,3,1.461538,201.0,213.0,0.943662,181.0,95.0,1.905263,20604.0,23541.5,0.87522,20167,22750,22750,29042,19542,25458,22042,45334,171516.0,223487.0,12660.0,10622.0,0,3,40,58,65,41,33,1.163133,completed,completed,True
synthetic_sqrt1000_k4,synthetic_k4,995995,997,<1e3,1000,8,4,5,0,2.0,89.0,115.0,0.773913,211.0,98.0,2.153061,17271.0,20333.5,0.849386,16625,18875,18542,20667,16375,27750,18250,22708,172836.0,223412.0,14512.0,10891.0,0,4,10,24,31,18,28,1.122754,completed,completed,True
synthetic_sqrt10000_k0,synthetic_k0,100000007,10000,1e4-1e5,10000,3332,3332,3332,0,1.0,33337.0,40008.0,0.833258,93.0,73.0,1.273973,1130250.0,1395895.5,0.809695,1127500,1148000,1375250,1428917,1102459,1248084,1352959,1460375,168412.0,223429.0,8828.0,9728.0,0,0,0,10000,13334,6670,3339,0.950795,completed,completed,True
synthetic_sqrt10000_k1,synthetic_k1,100000015,10000,1e4-1e5,10000,1491,1193,1194,298,1.24979,14925.0,14353.0,1.039852,123.0,83.0,1.481928,507354.0,527062.5,0.962607,498625,516125,512750,546333,497417,559792,501833,572667,169464.0,223487.0,10123.0,10070.0,0,1,1491,4476,4781,2987,1205,1.140467,completed,completed,True
synthetic_sqrt10000_k2,synthetic_k2,100000565,10000,1e4-1e5,10000,564,386,387,176,1.46114,5653.0,4679.0,1.208164,152.0,89.0,1.707865,196979.5,185645.5,1.061052,195875,198625,182583,204250,194125,222875,182500,229375,170492.0,223487.0,11394.0,10334.0,0,2,1011,1694,1555,1132,402,1.29849,completed,completed,True
synthetic_sqrt10000_k3,synthetic_k3,100004135,10000,1e4-1e5,10000,172,108,109,64,1.592593,1731.0,1353.0,1.279379,181.0,95.0,1.905263,69729.5,64958.5,1.073447,68834,70375,63667,65958,68667,70750,62292,80833,171524.0,223487.0,12670.0,10622.0,0,3,426,517,445,347,128,1.377986,completed,completed,True
synthetic_sqrt10000_k4,synthetic_k4,100054955,10002,1e4-1e5,10000,50,32,33,16,1.5625,509.0,451.0,1.128603,211.0,101.0,2.089109,31999.5,33396.0,0.958184,31167,33000,32542,37291,29791,46125,31500,41542,172844.0,223487.0,14522.0,10982.0,0,4,147,150,143,102,56,1.312151,completed,completed,True
synthetic_sqrt10000_k6,synthetic_k6,98613515,9930,1e3-1e4,10000,11,6,7,0,1.833333,115.0,159.0,0.72327,269.0,110.0,2.445455,18375.0,22417.0,0.81969,17875,19167,21291,24459,17458,29208,20958,27834,174904.0,223412.0,17069.0,11827.0,0,6,21,31,43,22,38,1.131801,completed,completed,True
synthetic_sqrt100000_k0,synthetic_k0,10000000019,100000,1e5-1e6,100000,33332,33332,33332,0,1.0,333337.0,400008.0,0.833326,93.0,73.0,1.273973,11769000.0,14403875.5,0.817072,11684250,11832916,14377667,14433625,11455458,12082041,14204417,14484167,168420.0,223429.0,8838.0,9728.0,0,0,0,100000,133334,66670,33339,0.9537,completed,completed,True
synthetic_sqrt100000_k1,synthetic_k1,10000000055,100000,1e5-1e6,100000,14907,11926,11927,2980,1.249958,149085.0,143149.0,1.041467,123.0,83.0,1.481928,5189229.0,5125958.5,1.012343,5150584,5209500,5086208,5165959,5137584,5286958,4987333,5247833,169472.0,223487.0,10133.0,10070.0,0,1,14906,44724,47713,29819,11938,1.16038,completed,completed,True
synthetic_sqrt100000_k2,synthetic_k2,10000000045,100000,1e5-1e6,100000,5636,3865,3866,1769,1.458215,56373.0,46427.0,1.214229,152.0,89.0,1.707865,1929333.0,1779229.5,1.084364,1910958,1974958,1690333,1838250,1904250,2144458,1659042,1937333,170500.0,223487.0,11404.0,10334.0,0,2,10141,16910,15471,11276,3881,1.310116,completed,completed,True
synthetic_sqrt100000_k3,synthetic_k3,10000001935,100000,1e5-1e6,100000,1701,1060,1061,638,1.604717,17021.0,12777.0,1.332159,181.0,95.0,1.905263,611437.5,506187.5,1.207927,585625,640584,478458,537042,566084,660375,465292,543292,171532.0,223487.0,12680.0,10622.0,0,3,4220,5104,4253,3405,1080,1.452727,completed,completed,True
synthetic_sqrt100000_k4,synthetic_k4,10000085095,100000,1e5-1e6,100000,474,273,274,200,1.736264,4749.0,3343.0,1.42058,211.0,101.0,2.089109,170916.5,144645.5,1.181623,168875,173708,138334,150958,167917,200042,136042,163084,172852.0,223487.0,14532.0,10982.0,0,4,1468,1422,1107,950,297,1.519271,completed,completed,True
synthetic_sqrt100000_k6,synthetic_k6,10018163155,100090,1e5-1e6,100000,31,19,20,6,1.631579,315.0,315.0,1.0,269.0,113.0,2.380531,25500.0,29771.0,0.856538,24459,30458,28583,34125,24458,34000,27917,39417,174912.0,223487.0,17079.0,11918.0,0,6,107,91,95,62,51,1.268061,completed,completed,True
synthetic_sqrt100000_k8,synthetic_k8,11861104255,108908,1e5-1e6,100000,14,8,8,1,1.75,141.0,187.0,0.754011,328.0,116.0,2.827586,25417.0,23625.0,1.075852,19917,28375,22625,25667,19542,38833,22416,60833,177552.0,223412.0,20783.0,12403.0,0,7,29,38,50,26,44,1.318809,completed,completed,True
synthetic_sqrt1000000_k0,synthetic_k0,1000000000039,1000000,>=1e6,1000000,333332,333332,333332,0,1.0,3333337.0,4000008.0,0.833333,93.0,73.0,1.273973,119627750.5,145055625.0,0.824703,118013167,119787375,144622000,146131209,117649834,121163958,144177000,147737834,168428.0,223429.0,8848.0,9728.0,0,0,0,1000000,1333334,666670,333339,0.956663,completed,completed,True
synthetic_sqrt1000000_k1,synthetic_k1,1000000000205,1000000,>=1e6,1000000,149071,119257,119258,29814,1.249998,1490725.0,1431121.0,1.041648,123.0,83.0,1.481928,52636000.0,52672896.0,0.9993,52327000,52958334,52208167,53432542,52112292,53446625,51759833,53621667,169480.0,223487.0,10143.0,10070.0,0,1,149071,447216,477037,298147,119269,1.155442,completed,completed,True
synthetic_sqrt1000000_k2,synthetic_k2,1000000001105,1000000,>=1e6,1000000,56344,38636,38637,17706,1.458329,563453.0,463679.0,1.215179,152.0,89.0,1.707865,19909583.0,17545083.5,1.134767,19828500,20011042,17229583,17616458,19730250,20134125,17115292,19207375,170508.0,223487.0,11414.0,10334.0,0,2,101415,169034,154555,112692,38652,1.330455,completed,completed,True
synthetic_sqrt1000000_k3,synthetic_k3,999999999845,999999,1e5-1e6,1000000,16990,10592,10593,6396,1.604041,169911.0,127161.0,1.336188,181.0,95.0,1.905263,5979375.0,4891750.0,1.222339,5951208,6068583,4754875,4961833,5909417,6145209,4703417,5010000,171540.0,223487.0,12690.0,10622.0,0,3,42226,50971,42381,33983,10612,1.45995,completed,completed,True
synthetic_sqrt1000000_k4,synthetic_k4,999999995995,999999,1e5-1e6,1000000,4715,2713,2714,1998,1.737928,47159.0,32623.0,1.445575,211.0,101.0,2.089109,1649896.0,1280229.5,1.28875,1613334,1703167,1265458,1310125,1591583,1771875,1234292,1338083,172860.0,223487.0,14542.0,10982.0,0,4,14645,14145,10867,9432,2737,1.572981,completed,completed,True
synthetic_sqrt1000000_k6,synthetic_k6,1000000856855,1000000,>=1e6,1000000,267,138,139,123,1.934783,2675.0,1743.0,1.53471,269.0,113.0,2.380531,100917.0,82937.5,1.216784,100750,102500,79208,87917,99458,105000,79000,92792,174920.0,223487.0,17089.0,11918.0,0,6,1095,799,571,534,170,1.644263,completed,completed,True
synthetic_sqrt1000000_k8,synthetic_k8,1001724168445,1000861,>=1e6,1000000,17,8,9,1,2.125,171.0,203.0,0.842365,328.0,122.0,2.688525,20499.5,25604.0,0.800637,20333,21583,24167,36000,20250,22125,23917,62625,177556.0,223412.0,20788.0,13051.0,0,8,37,47,55,32,48,1.219411,completed,completed,True
