test_id,input,input_bits,problem_class,correct_before,results_identical,events_identical,pruned_identical,deterministic_after,termination_before,termination_after,rust_candidate_tests,wheel6_candidate_tests,sieve_hypothesis_tests,sieve_reasoning_steps,sieve_candidate_pruned,search_compression_ratio,rust_wall_ms,wheel6_wall_ms_before,wheel6_wall_ms_after,sieve_wall_ms_before,sieve_wall_ms_after,sieve_exec_ns_after,wheel6_exec_ns_after,sieve_cpu_ms_after,sieve_peak_mb_after,sieve_delta_wall_ms_before,sieve_delta_wall_ms_after,sieve_cli_wall_ms_before,sieve_cli_wall_ms_after,wheel6_cli_wall_ms_after,sieve_wall_improvement,sieve_vs_wheel6_wall_ratio,sieve_vs_wheel6_exec_ratio,vm_instruction_count,relation_dispatch_count,predicate_eval_count,allocation_count,allocated_bytes,trace_bytes,RER,RCRS_ns,CTE,POS
basic_12,12,4,mixed,True,True,True,True,True,completed,completed,2,3,3,3,0,1.0,2.676,2.52,2.532,2.557,2.456,13459,14458,0.0,3.227648,2.537,2.683,171.00950000030934,171.6220829998747,168.6026249999486,1.0413,0.9699,0.9309,40,1,0,81,9325,2977,0.6667,4486.3333,1.0742,13.3333
basic_18,18,5,mixed,True,True,True,True,True,completed,completed,3,3,3,3,0,1.0,2.177,2.323,2.282,2.374,2.443,12833,15125,0.0,3.244032,2.491,2.502,171.93954200001826,173.0354169999373,162.10033299967108,0.972,1.0706,0.8485,40,1,0,81,9325,2977,1.0,4277.6667,1.1786,13.3333
basic_21,21,5,mixed,True,True,True,True,True,completed,completed,2,1,1,2,0,1.0,2.237,2.367,2.277,2.364,2.366,12084,13708,0.0,3.178496,2.388,2.601,171.6355830003522,170.56958300008773,165.04100000020117,0.9991,1.0391,0.8815,30,1,0,81,9225,1866,1.0,6042.0,1.1344,15.0
basic_35,35,6,mixed,True,True,True,True,True,completed,completed,4,1,1,3,1,1.0,2.129,2.333,2.366,2.3,2.517,20042,15125,0.0,3.244032,2.499,2.423,175.42299999968236,170.16066699989096,163.8765420002528,0.9138,1.0638,1.3251,54,3,1,102,12402,3305,1.3333,6680.6667,0.7547,18.0
basic_60,60,6,mixed,True,True,True,True,True,completed,completed,4,3,3,4,0,1.0,2.213,2.416,2.425,2.501,2.535,14542,18875,0.0,3.19488,2.493,2.554,173.23000000033062,171.9192909999947,164.32270799987236,0.9867,1.0455,0.7704,42,1,0,85,9529,3173,1.0,3635.5,1.298,10.5
basic_84,84,7,mixed,True,True,True,True,True,completed,completed,4,3,3,4,0,1.0,2.329,2.346,2.474,2.318,2.471,13958,15000,0.0,3.19488,2.522,2.695,173.2847920002314,172.07104199997048,163.19704099987575,0.9379,0.9987,0.9305,42,1,0,85,9529,3173,1.0,3489.5,1.0747,10.5
basic_97,97,7,mixed,True,True,True,True,True,completed,completed,8,2,2,3,0,1.0,2.283,2.363,2.725,2.538,2.383,17458,18375,0.0,3.227648,2.469,2.655,172.63937500001703,171.93016700002772,163.46941599977072,1.0647,0.8746,0.9501,64,1,0,104,11000,3835,2.6667,5819.3333,1.0525,21.3333
basic_100,100,7,mixed,True,True,True,True,True,completed,completed,6,3,4,5,1,0.75,2.207,2.428,2.293,2.302,2.353,18416,15167,0.0,3.244032,2.621,2.857,171.9274580000274,175.0301249999211,170.28091700012737,0.9786,1.0259,1.2142,70,3,1,103,12622,5396,1.2,3683.2,0.6177,14.0
basic_231,231,8,mixed,True,True,True,True,True,completed,completed,7,3,3,5,1,1.0,2.287,2.623,2.306,2.485,2.423,19542,15416,0.0,3.211264,2.598,2.619,172.8142500001013,173.74958300024446,164.85320799984038,1.0258,1.0509,1.2676,80,3,2,121,14388,5877,1.4,3908.4,0.7889,16.0
basic_997,997,10,mixed,True,True,True,True,True,completed,completed,30,10,10,11,0,1.0,2.205,2.58,2.415,2.412,2.499,27542,16958,0.0,3.227648,3.196,3.03,191.44983400019555,182.22633299956215,166.95600000002742,0.9653,1.0347,1.6241,224,1,0,194,18864,16657,2.7273,2503.8182,0.6157,20.3636
prime_8b,193,8,prime,True,True,True,True,True,completed,completed,12,4,4,5,0,1.0,2.214,2.563,2.572,2.49,2.872,24667,16834,0.0,3.211264,3.077,2.849,174.9794170000314,174.09941699997944,165.55150000021968,0.8667,1.1168,1.4653,104,1,0,126,12726,7031,2.4,4933.4,0.6825,20.8
semiprime_8b,194,8,semiprime,True,True,True,True,True,completed,completed,9,3,3,4,0,1.0,2.261,2.206,2.432,2.351,2.283,16875,15542,0.0,3.19488,2.57,2.625,170.74762499987628,171.64724999975078,162.82687500006432,1.0299,0.9387,1.0858,70,1,0,108,11203,4813,2.25,4218.75,0.921,17.5
semiprime_near_equal_8b,221,8,semiprime_near_equal,True,True,True,True,True,completed,completed,12,4,4,6,1,1.0,2.229,2.379,2.323,2.354,2.301,23084,15666,0.0,3.244032,2.71,2.744,172.15499999974782,172.12470799995572,163.12204099995142,1.023,0.9906,1.4735,114,3,4,140,16010,8097,2.0,3847.3333,0.6787,19.0
repeated_8b,128,8,repeated_factor_composite,True,True,True,True,True,completed,completed,6,7,7,7,0,1.0,2.108,2.25,2.587,2.222,2.365,13875,19375,0.0,3.211264,2.385,2.432,172.984040999836,171.98070799986453,166.25270800022918,0.9396,0.9143,0.7161,64,1,0,83,9741,5590,0.8571,1982.1429,1.3965,9.1429
highly_composite_8b,210,8,highly_composite,True,True,True,True,True,completed,completed,6,3,3,5,1,1.0,2.185,2.218,2.323,2.403,2.297,21917,16666,0.0,3.244032,2.575,2.455,172.60033399998065,175.2369999999246,162.36475000005157,1.046,0.989,1.3151,66,3,1,108,12770,4939,1.2,4383.4,0.7604,13.2
mixed_8b,154,8,mixed_factor_composite,True,True,True,True,True,completed,completed,7,3,3,5,1,1.0,2.279,2.348,2.354,2.326,2.335,22292,14917,0.0,3.211264,2.556,2.605,172.3154579999573,173.3630839999023,164.87891699989632,0.9961,0.9919,1.4944,80,3,2,121,14388,5877,1.4,4458.4,0.6692,16.0
prime_10b,769,10,prime,True,True,True,True,True,completed,completed,26,8,8,9,0,1.0,2.351,2.627,2.186,2.347,2.274,24959,16125,0.0,3.211264,2.872,2.822,173.1570830002056,173.6054579996562,164.69795899956807,1.0323,1.0402,1.5478,184,1,0,171,16498,13439,2.8889,2773.2222,0.6461,20.4444
semiprime_10b,679,10,semiprime,True,True,True,True,True,completed,completed,9,3,2,4,1,1.5,2.307,2.46,2.34,2.428,2.379,25792,15084,0.0,3.244032,3.132,2.971,171.58850000032544,171.3087500002075,163.46133299975918,1.0207,1.0164,1.7099,136,3,8,179,19222,11249,2.25,6448.0,0.8772,34.0
semiprime_near_equal_10b,899,10,semiprime_near_equal,True,True,True,True,True,completed,completed,28,9,9,11,1,1.0,2.144,2.45,2.44,2.436,2.443,27125,18875,0.0,3.227648,3.132,3.027,171.37816600006772,174.67245799980446,163.46420800027772,0.9972,1.0014,1.4371,214,3,9,197,21485,16117,2.5455,2465.9091,0.6958,19.4545
repeated_10b,512,10,repeated_factor_composite,True,True,True,True,True,completed,completed,8,9,9,9,0,1.0,2.242,2.322,2.397,2.309,2.364,14459,17833,0.0,3.19488,2.45,2.624,173.23658400027853,172.7710410000327,164.08320799973808,0.9766,0.9864,0.8108,76,1,0,85,9981,6903,0.8889,1606.5556,1.2333,8.4444
highly_composite_10b,2310,12,highly_composite,True,True,True,True,True,completed,completed,9,5,4,7,2,1.25,2.413,2.51,2.297,2.413,2.333,24083,16917,0.0,3.244032,2.849,2.962,173.41587500004607,173.27516699970147,164.2168749999655,1.0342,1.0157,1.4236,140,5,11,165,17426,12399,1.2857,3440.4286,0.8781,20.0
mixed_10b,715,10,mixed_factor_composite,True,True,True,True,True,completed,completed,11,4,3,6,3,1.3333,2.265,2.555,2.368,2.366,2.445,26708,15125,0.0,3.19488,2.991,2.951,170.84299999987707,171.91445799971916,164.58975000023202,0.968,1.0325,1.7658,157,5,14,185,19683,13642,1.8333,4451.3333,0.7551,26.1667
prime_12b,3079,12,prime,True,True,True,True,True,completed,completed,54,18,18,19,0,1.0,2.215,2.414,2.314,2.506,2.39,36292,20708,0.0,3.211264,3.391,3.398,173.00095799964765,172.6115840001512,167.08979100030774,1.0484,1.033,1.7526,384,1,0,283,27048,29588,2.8421,1910.1053,0.5706,20.2105
semiprime_12b,3007,12,semiprime,True,True,True,True,True,completed,completed,30,10,10,12,1,1.0,2.316,2.501,2.369,2.33,2.437,37417,17416,0.0,3.244032,3.272,3.288,176.60554200028855,173.13716600028783,163.67487500019706,0.9558,1.029,2.1484,305,3,17,279,29149,25132,2.5,3118.0833,0.4655,25.4167
semiprime_near_equal_12b,3599,12,semiprime_near_equal,True,True,True,True,True,completed,completed,58,19,19,21,1,1.0,2.69,2.625,2.337,2.698,2.705,42542,20959,0.0,3.244032,3.932,3.689,173.88945800030342,176.36358399977325,167.51579199990374,0.9975,1.1576,2.0298,414,3,19,308,31795,32283,2.7619,2025.8095,0.4927,19.7143
repeated_12b,2048,12,repeated_factor_composite,True,True,True,True,True,completed,completed,10,11,11,11,0,1.0,2.16,2.468,2.576,2.306,2.406,14958,17292,0.0,3.211264,2.681,2.648,173.74566699982097,175.11579200026972,165.62041599991062,0.9582,0.9343,0.865,88,1,0,87,10221,8232,0.9091,1359.8182,1.1561,8.0
highly_composite_12b,30030,15,highly_composite,True,True,True,True,True,completed,completed,14,7,5,9,8,1.4,2.249,2.415,2.647,2.346,2.433,39458,18458,0.0,3.211264,3.894,3.996,176.36058300013246,174.36591700015924,166.90654099966196,0.9641,0.9193,2.1377,305,7,54,333,33175,33104,1.5556,4384.2222,0.6549,33.8889
mixed_12b,3553,12,mixed_factor_composite,True,True,True,True,True,completed,completed,17,6,5,8,3,1.2,2.372,2.473,2.473,2.464,2.338,36333,16917,0.0,3.244032,3.621,3.67,178.4456670002328,174.37408299974777,165.3822919997765,1.0539,0.9455,2.1477,278,5,36,299,30896,26435,2.125,4541.625,0.5587,34.75
prime_14b,12289,14,prime,True,True,True,True,True,completed,completed,109,36,36,37,0,1.0,2.839,2.703,2.62,2.749,2.996,60000,28625,0.0,3.293184,4.898,4.691,172.2058330001346,175.9645840002122,173.76020800020342,0.9177,1.1432,2.0961,744,1,0,482,45142,58703,2.9459,1621.6216,0.4771,20.1081
semiprime_14b,12319,14,semiprime,True,True,True,True,True,completed,completed,96,32,32,34,1,1.0,2.144,2.475,2.481,2.505,2.394,56750,26041,0.0,3.260416,4.493,4.577,178.03591699976096,179.20691600011196,166.59683299985772,1.0463,0.9652,2.1793,718,3,36,492,49226,57764,2.8235,1669.1176,0.4589,21.1176
semiprime_near_equal_14b,14351,14,semiprime_near_equal,True,True,True,True,True,completed,completed,112,37,37,39,1,1.0,2.332,7.189,2.575,2.575,2.537,63500,27292,0.0,3.244032,4.901,4.777,174.43033399968044,175.80208399976982,170.02504200036128,1.0148,0.9852,2.3267,800,3,39,527,52175,63900,2.8718,1628.2051,0.4298,20.5128
repeated_14b,8192,14,repeated_factor_composite,True,True,True,True,True,completed,completed,12,13,13,13,0,1.0,2.188,2.464,2.391,2.379,2.357,15083,18334,0.0,3.211264,2.724,2.712,174.55587499989633,173.52087499966729,165.27229199982685,1.0093,0.986,0.8227,100,1,0,89,10461,9560,0.9231,1160.2308,1.2155,7.6923
highly_composite_14b,30030,15,highly_composite,True,True,True,True,True,completed,completed,14,7,5,9,8,1.4,2.213,2.427,2.497,2.379,2.581,35208,18584,0.0,3.2768,4.002,4.01,175.79733299999134,173.97695799991197,166.21754199968564,0.9216,1.0339,1.8945,305,7,54,333,33175,33104,1.5556,3912.0,0.739,33.8889
mixed_14b,12673,14,mixed_factor_composite,True,True,True,True,True,completed,completed,23,8,7,10,3,1.1429,2.063,2.42,2.403,2.514,2.352,45000,18083,0.0,3.260416,4.338,4.459,177.09995799987155,175.14816700031588,167.3141660003239,1.069,0.9786,2.4885,453,5,70,472,47687,45546,2.3,4500.0,0.4593,45.3
prime_16b,49157,16,prime,True,True,True,True,True,completed,completed,220,73,73,74,0,1.0,2.281,2.788,2.54,2.586,2.483,90125,40708,0.0,3.244032,6.31,6.281,175.0807920002444,176.94270799984224,164.4810000002508,1.0414,0.9776,2.2139,1484,1,0,890,82193,118857,2.973,1217.9054,0.4517,20.0541
semiprime_16b,49373,16,semiprime,True,True,True,True,True,completed,completed,96,32,32,34,1,1.0,2.236,2.41,2.31,2.526,2.522,78541,24792,0.0,3.309568,6.069,5.939,175.27954200022577,181.97425000016665,166.6019999997843,1.0013,1.092,3.168,1051,3,73,863,83317,94343,2.8235,2310.0294,0.3157,30.9118
semiprime_near_equal_16b,50621,16,semiprime_near_equal,True,True,True,True,True,completed,completed,222,74,74,76,1,1.0,2.291,2.442,2.45,2.775,2.549,110917,39458,0.0,3.325952,6.685,6.65,173.83320799990543,173.05750000014086,164.84920900029465,1.0887,1.0406,2.811,1514,3,74,915,89140,121571,2.9211,1459.4342,0.3557,19.9211
repeated_16b,32768,16,repeated_factor_composite,True,True,True,True,True,completed,completed,14,15,15,15,0,1.0,2.245,2.45,2.418,2.227,2.401,15917,20834,0.0,3.19488,2.705,2.618,173.23995800006742,172.77329199987435,164.60958300012862,0.9272,0.9933,0.764,112,1,0,91,10701,10893,0.9333,1061.1333,1.3089,7.4667
highly_composite_16b,510510,19,highly_composite,True,True,True,True,True,completed,completed,17,9,6,11,40,1.5,2.278,2.394,2.452,2.728,2.557,88125,19417,0.0,3.309568,8.327,8.51,173.67854100029945,176.1246249998294,165.68720899977052,1.0667,1.0427,4.5385,992,9,299,1081,105858,128824,1.5455,8011.3636,0.3305,90.1818
mixed_16b,56129,16,mixed_factor_composite,True,True,True,True,True,completed,completed,37,13,13,15,2,1.0,2.123,2.325,2.477,2.5,2.463,78458,18375,0.0,3.260416,6.038,6.226,174.76129199985735,173.7113340000178,165.47116699985054,1.0147,0.9945,4.2698,882,3,78,894,84952,87491,2.4667,5230.5333,0.2342,58.8
prime_18b,196613,18,prime,True,True,True,True,True,completed,completed,442,147,147,148,0,1.0,2.175,2.522,2.7,2.89,2.696,171333,66166,0.0,3.2768,10.243,10.158,173.7109580003562,175.96354200031783,166.4184579999528,1.072,0.9986,2.5894,2964,1,0,1705,156295,239955,2.9865,1157.6554,0.3862,20.027
semiprime_18b,196619,18,semiprime,True,True,True,True,True,completed,completed,96,32,32,34,1,1.0,2.238,2.454,2.42,2.619,2.651,116500,27375,0.0,3.35872,9.276,8.948,174.42320800000743,175.34283299983144,166.10270799992577,0.9877,1.0957,4.2557,1717,3,147,1604,151499,168070,2.8235,3426.4706,0.235,50.5
semiprime_near_equal_18b,198907,18,semiprime_near_equal,True,True,True,True,True,completed,completed,442,147,147,149,1,1.0,2.293,2.35,2.489,2.759,2.591,192083,63792,0.0,3.35872,11.064,10.874,173.6308330000611,174.02012499997,167.78504200010502,1.0647,1.041,3.0111,2991,3,148,1729,166082,242572,2.9664,1289.1477,0.3321,20.0738
repeated_18b,131072,18,repeated_factor_composite,True,True,True,True,True,completed,completed,16,17,17,17,0,1.0,2.18,2.553,2.377,2.425,2.482,17042,20583,0.0,3.19488,2.805,2.842,175.20091699998375,175.21316600004866,166.52287499982776,0.9772,1.0441,0.828,124,1,0,93,10941,12227,0.9412,1002.4706,1.2077,7.2941
highly_composite_18b,510510,19,highly_composite,True,True,True,True,True,completed,completed,17,9,6,11,40,1.5,2.22,2.493,2.452,2.498,2.46,84375,18417,0.0,3.342336,8.333,8.709,176.0945000000902,175.35416700002315,165.6124579999414,1.0154,1.0032,4.5814,992,9,299,1081,105858,128824,1.5455,7670.4545,0.3274,90.1818
mixed_18b,212341,18,mixed_factor_composite,True,True,True,True,True,completed,completed,59,20,20,22,3,1.0,2.18,2.409,2.56,2.659,2.528,123250,21666,0.0,3.309568,9.177,9.173,173.72987499993542,174.92304200004583,166.55237499981013,1.0517,0.9877,5.6886,1625,3,152,1642,153974,165926,2.6818,5602.2727,0.1758,73.8636
prime_20b,786433,20,prime,True,True,True,True,True,completed,completed,885,294,294,295,0,1.0,2.294,2.762,2.628,3.083,2.805,321875,124000,0.0,3.473408,18.88,18.837,175.58608300032574,173.87204199985717,166.28958399996918,1.0992,1.067,2.5958,5904,1,0,3323,303636,481182,3.0,1091.1017,0.3852,20.0136
semiprime_20b,786767,20,semiprime,True,True,True,True,True,completed,completed,96,32,32,34,3,1.0,2.426,2.541,2.532,2.902,2.701,198167,26000,0.0,3.44064,15.156,15.135,174.30224999998245,174.3485420001889,164.78662500003338,1.0747,1.0666,7.6218,3040,3,294,3075,287080,315391,2.8235,5828.4412,0.1312,89.4118
semiprime_near_equal_20b,804509,20,semiprime_near_equal,True,True,True,True,True,completed,completed,886,295,295,297,1,1.0,2.199,2.964,2.626,3.163,2.809,343875,121542,0.0,3.489792,20.315,19.625,178.7113750001481,174.1553329998169,165.60295899989796,1.1259,1.0699,2.8293,5969,3,298,3378,321772,487438,2.9832,1157.8283,0.3534,20.0976
repeated_20b,524288,20,repeated_factor_composite,True,True,True,True,True,completed,completed,18,19,19,19,0,1.0,2.222,2.726,2.327,2.486,2.363,18542,22042,0.0,3.211264,2.913,2.736,174.02799999990748,175.066458999936,166.0797909999019,1.0519,1.0157,0.8412,136,1,0,95,11181,13564,0.9474,975.8947,1.1888,7.1579
highly_composite_20b,9699690,24,highly_composite,True,True,True,True,True,completed,completed,22,11,7,13,198,1.5714,2.334,2.765,2.86,3.075,2.932,301084,21667,0.0,3.620864,29.702,29.925,174.80433300033837,174.83637500026816,167.36866699966413,1.0486,1.025,13.896,3956,11,1553,4359,429920,570739,1.6923,23160.3077,0.1131,304.3077
mixed_20b,813151,20,mixed_factor_composite,True,True,True,True,True,completed,completed,97,33,32,35,6,1.0312,2.285,2.315,2.628,2.858,2.765,211459,28417,0.0,3.457024,17.424,17.446,176.402957999926,174.38595799967516,167.51149999981862,1.0334,1.0521,7.4413,3104,5,597,3140,303759,345084,2.7714,6041.6857,0.1386,88.6857
prime_22b,3145739,22,prime,True,True,True,True,True,completed,completed,1772,590,590,591,0,1.0,2.443,3.015,2.719,3.703,3.58,646042,217334,0.0,3.637248,35.461,35.562,175.17591600017113,174.97333300025275,167.67087500011257,1.0344,1.3165,2.9726,11824,1,0,6580,600044,998324,2.9983,1093.1337,0.3364,20.0068
semiprime_22b,3146777,22,semiprime,True,True,True,True,True,completed,completed,180,60,59,61,6,1.0169,2.396,2.567,2.59,3.242,3.02,371750,37084,0.0,3.719168,28.683,28.375,175.09199999994962,175.94550000012532,165.59970899970722,1.0737,1.1659,10.0245,6001,3,590,6063,563048,632476,2.9508,6094.2623,0.1014,98.377
semiprime_near_equal_22b,3168391,22,semiprime_near_equal,True,True,True,True,True,completed,completed,1776,592,592,594,1,1.0,2.249,3.005,2.781,3.962,3.338,681916,222917,0.0,3.670016,37.676,37.489,174.957292000272,175.9628340000745,166.81229200003145,1.1871,1.2002,3.0591,11874,3,592,6616,628574,1002833,2.9899,1148.0067,0.3269,19.9899
repeated_22b,2097152,22,repeated_factor_composite,True,True,True,True,True,completed,completed,20,21,21,21,0,1.0,2.319,2.594,2.635,2.582,2.577,17375,23791,0.0,3.211264,2.957,3.02,175.36445799987632,173.64195900017876,165.9335000003921,1.0019,0.9782,0.7303,148,1,0,97,11421,14905,0.9524,827.381,1.3693,7.0476
highly_composite_22b,9699690,24,highly_composite,True,True,True,True,True,completed,completed,22,11,7,13,198,1.5714,2.352,2.409,2.538,3.201,3.134,308041,19209,0.0,3.588096,30.294,29.966,175.25437499989494,173.0565419998129,166.60612500027128,1.0215,1.2348,16.0363,3956,11,1553,4359,429920,570739,1.6923,23695.4615,0.098,304.3077
mixed_22b,3127361,22,mixed_factor_composite,True,True,True,True,True,completed,completed,149,50,49,52,8,1.0204,2.346,2.601,2.589,3.357,3.133,403583,31875,0.0,3.702784,31.833,32.131,179.55637500017474,173.9274999999907,165.15920899973935,1.0713,1.2103,12.6614,5883,5,1172,6038,583743,667896,2.8654,7761.2115,0.0806,113.1346
prime_24b,12582917,24,prime,True,True,True,True,True,completed,completed,3546,1182,1182,1183,0,1.0,2.393,3.678,3.119,5.261,4.179,1308625,427167,0.0,3.899392,68.683,69.216,177.22349999985454,178.87449999989258,168.30216600010317,1.259,1.3397,3.0635,23664,1,0,13093,1192860,2009023,2.9975,1106.1919,0.3264,20.0034
semiprime_24b,12584101,24,semiprime,True,True,True,True,True,completed,completed,360,120,119,121,12,1.0084,2.335,2.818,2.95,4.057,3.414,796666,63667,0.0,3.93216,56.181,54.719,187.02316600001723,177.39350000010745,169.75858300020263,1.1881,1.1576,12.513,11989,3,1182,12044,1115704,1274006,2.9752,6584.0165,0.0806,99.0826
semiprime_near_equal_24b,12616679,24,semiprime_near_equal,True,True,True,True,True,completed,completed,3546,1182,1182,1184,1,1.0,2.794,3.945,3.189,5.706,4.065,1347333,448167,0.0,3.964928,74.401,72.959,179.3488339999385,191.1365000000842,171.48862499971074,1.4038,1.2745,3.0063,23691,3,1183,13117,1244047,2011732,2.9949,1137.9502,0.3326,20.0093
repeated_24b,8388608,24,repeated_factor_composite,True,True,True,True,True,completed,completed,22,23,23,23,0,1.0,2.516,2.777,2.476,2.617,2.501,18750,24875,0.0,3.227648,3.134,2.967,175.09079100000235,175.0825829999485,168.12212500008172,1.0462,1.0101,0.7538,160,1,0,99,11661,16245,0.9565,815.2174,1.3266,6.9565
highly_composite_24b,223092870,28,highly_composite,True,True,True,True,True,completed,completed,25,13,8,15,992,1.625,2.286,2.922,2.656,5.841,3.991,1361708,22584,0.0,4.374528,145.124,147.084,176.9670829999086,176.04858400000012,168.7746249999691,1.4637,1.5025,60.2953,18458,13,8583,20457,2029708,2844166,1.6667,90780.5333,0.027,1230.5333
mixed_24b,12640949,24,mixed_factor_composite,True,True,True,True,True,completed,completed,233,78,77,80,10,1.013,2.595,2.557,2.814,4.207,3.448,783584,40667,0.0,3.997696,62.338,65.682,190.9968330000993,187.00337499967645,174.57775000002584,1.2201,1.2252,19.2683,11555,5,2363,12027,1159491,1334837,2.9125,9794.8,0.0526,144.4375
prime_26b,50331653,26,prime,True,True,True,True,True,completed,completed,7093,2364,2364,2365,0,1.0,3.048,5.538,3.665,8.429,5.298,2596667,876500,0.0,4.489216,143.81,141.149,180.75837500009584,178.29283299988674,170.90970800018113,1.591,1.4455,2.9625,47304,1,0,26096,2376766,4155491,2.9992,1097.9564,0.3376,20.0017
semiprime_26b,50332621,26,semiprime,True,True,True,True,True,completed,completed,720,240,237,239,25,1.0127,2.436,2.915,2.71,5.47,4.45,1519292,100958,0.0,4.58752,108.638,104.168,178.85916700015514,176.65149999993446,170.14674999973067,1.2293,1.6419,15.0488,23925,3,2364,23983,2219210,2562742,3.0126,6356.8703,0.0673,100.1046
semiprime_near_equal_26b,50495227,26,semiprime_near_equal,True,True,True,True,True,completed,completed,7102,2367,2367,2369,1,1.0,2.238,4.515,3.614,8.113,5.614,2636042,875458,0.0,4.58752,150.016,149.736,183.10858299992105,185.23200000026918,171.88608399965233,1.4452,1.5532,3.011,47391,3,2368,26153,2477942,4163547,2.9979,1112.7235,0.3321,20.0046
repeated_26b,33554432,26,repeated_factor_composite,True,True,True,True,True,completed,completed,24,25,25,25,0,1.0,2.365,2.671,2.686,2.535,2.472,19959,26750,0.0,3.211264,3.088,3.127,176.8361660001574,176.80425000025934,167.52774999986286,1.0254,0.9204,0.7461,172,1,0,101,11901,17590,0.96,798.36,1.3403,6.88
highly_composite_26b,223092870,28,highly_composite,True,True,True,True,True,completed,completed,25,13,8,15,992,1.625,2.266,2.787,3.266,5.978,4.569,1391334,26083,0.0,4.407296,144.135,147.323,181.51358300019638,179.30020799985869,175.08420800004387,1.3084,1.399,53.3426,18458,13,8583,20457,2029708,2844166,1.6667,92755.6,0.0305,1230.5333
mixed_26b,50750753,26,mixed_factor_composite,True,True,True,True,True,completed,completed,373,125,124,127,14,1.0081,2.386,2.906,2.756,5.866,4.305,1534708,61000,0.0,4.571136,124.405,122.636,193.29629200001364,177.93537499983358,168.7402499997006,1.3627,1.562,25.1591,22782,5,4741,23975,2308261,2671393,2.937,12084.315,0.0401,179.3858
stage5_boundary,100160063,27,semiprime_near_equal,True,True,True,True,True,completed,completed,10006,3335,3335,3337,1,1.0,2.67,5.687,4.244,10.377,6.642,3707833,1229916,0.0,5.111808,220.432,221.886,184.69691600012084,182.35562500012747,169.9720830001752,1.5623,1.5649,3.0147,66734,3,3335,36791,3351263,6038148,2.9985,1111.1277,0.3317,19.9982
limit_probe_sqrt15000,225450221,28,semiprime_near_equal,True,True,True,True,True,completed,completed,15012,5004,5004,5006,1,1.0,2.345,6.752,4.815,14.228,9.0,5636875,1874792,0.0,5.947392,345.407,345.509,187.61575000007724,181.40325000013036,171.73187500020504,1.5809,1.869,3.0067,100114,3,5004,55151,5186050,9587769,2.9988,1126.0238,0.3326,19.9988
limit_probe_sqrt20000,400640231,29,semiprime_near_equal,True,True,True,True,True,completed,completed,20010,6670,6670,6672,1,1.0,2.48,8.32,5.313,18.213,10.906,7738167,2479708,0.0,6.782976,490.027,490.05,189.65362499966432,182.8826669998307,175.5223750001278,1.6701,2.0528,3.1206,133451,3,6671,73487,6691231,13483527,2.9991,1159.7972,0.3205,20.0016
limit_probe_sqrt25000,626100403,30,semiprime_near_equal,True,True,True,True,True,completed,completed,25012,8337,8337,8339,1,1.0,2.685,9.706,6.226,22.18,13.368,9791167,3086709,10.0,7.684096,626.313,626.065,193.79241700016792,184.70637500013254,170.9897920000003,1.6592,2.1472,3.172,166809,3,8340,91845,8853458,17300740,2.9994,1174.1416,0.3153,20.0035
limit_probe_sqrt30000,900720143,30,semiprime_near_equal,False,False,,,True,loop_limit,completed,30010,10003,10003,10005,1,1.0,2.784,,8.206,,16.277,11975833,3749792,10.0,8.552448,,796.203,190.19545799983462,189.67416599980425,174.0062920002856,,1.9834,3.1937,200094,3,10003,110141,10355507,21784838,2.9995,1196.9848,0.3131,19.9994
limit_probe_sqrt40000,1600880117,31,semiprime_near_equal,False,False,,,True,loop_limit,completed,40008,13336,13336,13338,1,1.0,3.367,,9.068,,21.151,15815792,5064958,10.0,10.256384,,1175.68,206.08945799995126,199.82854099998804,190.8577500003048,,2.3325,3.1226,266754,3,13336,146804,13365206,31151126,2.9996,1185.7694,0.3202,19.9996
limit_probe_sqrt50000,2502200483,32,semiprime_near_equal,False,False,,,True,loop_limit,completed,50020,16673,16673,16675,1,1.0,3.451,,21.996,,25.405,20874167,9263250,20.0,11.976704,,1574.712,189.5739169999615,202.0639580000534,211.43404199983706,,1.155,2.2534,333494,3,16673,183512,17689237,42394138,2.9997,1251.8241,0.4438,19.9996
limit_probe_sqrt70000,4900280003,33,semiprime_near_equal,False,False,,,True,loop_limit,completed,70000,23333,23333,23335,1,1.0,3.83,,12.737,,33.281,27907042,8740084,20.0,15.384576,,2815.404,196.03000000006432,213.5161250002966,251.40479199990295,,2.613,3.193,466694,3,23333,256772,23703217,66550297,2.9998,1195.9307,0.3132,19.9997
limit_probe_sqrt100000,10002200057,34,semiprime_near_equal,False,False,,,True,loop_limit,completed,100002,33334,33334,33336,1,1.0,5.662,,18.802,,45.705,39216958,12672125,30.0,20.594688,,5212.064,185.3269579996777,217.28145799988852,236.40520900016782,,2.4308,3.0947,666740,3,33336,366804,35357126,104857310,2.9998,1176.4146,0.3231,20.0006
